date,code,open,high,low,close,preclose,volume,amount,turn,tradestatus,pctChg,isST,pbMRQ
2017-01-03,sz.002027,14.1600,14.3400,13.8600,14.1700,14.2700,11923708,167701483.0000,0.336517,1,-0.700774,0,18.575846
2017-01-04,sz.002027,14.2300,14.8300,13.9100,14.7200,14.1700,15918018,230061632.0000,0.449246,1,3.881441,0,19.296857
2017-01-05,sz.002027,14.6300,14.6600,14.4600,14.5000,14.7200,5640519,81951383.0000,0.159189,1,-1.494567,0,19.008452
2017-01-06,sz.002027,14.5200,14.8000,14.2700,14.5100,14.5000,5731875,83488394.0000,0.161768,1,0.068967,0,19.021562
2017-01-09,sz.002027,14.5400,14.7700,14.3500,14.3700,14.5100,5962411,86525386.0000,0.168274,1,-0.964854,0,18.838032
2017-01-10,sz.002027,14.4300,14.4600,13.7800,13.8900,14.3700,12828525,179122007.0000,0.362053,1,-3.340289,0,18.208787
2017-01-11,sz.002027,13.7800,14.0900,13.7800,13.9000,13.8900,10847752,151288912.0000,0.306150,1,0.071989,0,18.221896
2017-01-12,sz.002027,13.8900,13.9900,13.4600,13.8200,13.9000,8054593,110083954.0000,0.227321,1,-0.575539,0,18.117022
2017-01-13,sz.002027,13.8300,13.8300,13.5100,13.8300,13.8200,6959011,95332167.0000,0.196401,1,0.072361,0,18.130131
2017-01-16,sz.002027,13.7300,13.7800,12.4800,13.7600,13.8300,10229741,136575116.0000,0.288709,1,-0.506144,0,18.038366
2017-01-17,sz.002027,13.4600,13.7000,13.1800,13.6500,13.7600,7189311,97135402.0000,0.202900,1,-0.799423,0,17.894164
2017-01-18,sz.002027,13.6200,13.6200,13.3800,13.5700,13.6500,5139735,69284144.0000,0.145056,1,-0.586080,0,17.789290
2017-01-19,sz.002027,13.4800,13.5700,13.1200,13.5700,13.5700,5073771,68105172.0000,0.143194,1,0.000000,0,17.789290
2017-01-20,sz.002027,13.4300,13.7000,13.4100,13.5900,13.5700,5652670,76688108.0000,0.159532,1,0.147387,0,17.815508
2017-01-23,sz.002027,13.6000,13.8000,13.4400,13.5800,13.5900,6675137,90805269.0000,0.188389,1,-0.073585,0,17.802399
2017-01-24,sz.002027,13.5600,13.5800,13.3800,13.5800,13.5800,6044283,81499999.0000,0.170585,1,0.000000,0,17.802399
2017-01-25,sz.002027,13.5000,13.5800,13.4000,13.5700,13.5800,6025922,81273059.0000,0.170066,1,-0.073639,0,17.789290
2017-01-26,sz.002027,13.5200,13.5900,13.4400,13.5500,13.5700,4205898,56912788.0000,0.118701,1,-0.147380,0,17.763071
2017-02-03,sz.002027,13.5500,13.6000,13.4700,13.5800,13.5500,3050222,41300216.0000,0.086085,1,0.221400,0,17.802399
2017-02-06,sz.002027,13.5700,13.6100,13.4800,13.5800,13.5800,7533043,102014810.0000,0.212601,1,0.000000,0,17.802399
2017-02-07,sz.002027,13.5400,13.6000,13.3900,13.5800,13.5800,10568694,142819841.0000,0.298275,1,0.000000,0,17.802399
2017-02-08,sz.002027,13.4900,13.5800,13.4400,13.5500,13.5800,4392751,59413083.0000,0.123974,1,-0.220911,0,17.763071
2017-02-09,sz.002027,13.5200,13.5600,13.4800,13.5500,13.5500,8046734,108751337.0000,0.227099,1,0.000000,0,17.763071
2017-02-10,sz.002027,13.5500,13.5700,13.4200,13.5300,13.5500,9438221,127179015.0000,0.266370,1,-0.147605,0,17.736853
2017-02-13,sz.002027,13.4900,13.5100,13.3800,13.5000,13.5300,8219025,110592424.0000,0.231961,1,-0.221727,0,17.697525
2017-02-14,sz.002027,13.4700,13.5100,13.3900,13.5000,13.5000,11412979,153469631.0000,0.322103,1,0.000000,0,17.697525
2017-02-15,sz.002027,13.2000,13.2000,12.5700,12.5800,13.5000,51826283,659647392.0000,1.462666,1,-6.814815,0,16.491471
2017-02-16,sz.002027,12.5500,12.5500,11.9600,11.9800,12.5800,49068944,593106256.0000,1.384847,1,-4.769478,0,15.704915
2017-02-17,sz.002027,11.9700,12.3200,11.9600,12.1000,11.9800,28636646,348048736.0000,0.808197,1,1.001676,0,15.862226
2017-02-20,sz.002027,12.1500,12.1600,11.8100,12.0200,12.1000,25064460,299007680.0000,0.707381,1,-0.661156,0,15.757352
2017-02-21,sz.002027,11.9400,12.0600,11.9000,11.9800,12.0200,26159581,313687216.0000,0.738288,1,-0.332786,0,15.704915
2017-02-22,sz.002027,11.9800,12.0400,11.9100,11.9600,11.9800,21461067,256592551.0000,0.605684,1,-0.166941,0,15.678696
2017-02-23,sz.002027,11.9700,11.9700,11.8100,11.8300,11.9600,23620984,280049296.0000,0.666643,1,-1.086957,0,15.508275
2017-02-24,sz.002027,11.7800,11.7900,11.5100,11.7300,11.8300,38190692,444362528.0000,1.077836,1,-0.845312,0,15.377183
2017-02-27,sz.002027,11.7500,11.9200,11.7100,11.8600,11.7300,59118302,700357504.0000,1.668465,1,1.108270,0,15.547603
2017-02-28,sz.002027,11.9100,12.4500,11.9100,12.3500,11.8600,121083853,1482094016.0000,3.417286,1,4.131541,0,16.189958
2017-03-01,sz.002027,12.3900,12.4500,12.2000,12.3500,12.3500,69391603,855655888.0000,1.958403,1,0.000000,0,16.189958
2017-03-02,sz.002027,12.3100,12.3900,12.0400,12.0600,12.3500,49454842,601813968.0000,1.395738,1,-2.348178,0,15.809789
2017-03-03,sz.002027,12.0900,12.1000,11.8300,12.0100,12.0600,29360463,350892720.0000,0.828625,1,-0.414595,0,15.744242
2017-03-06,sz.002027,12.0700,12.1600,11.9400,12.1100,12.0100,28985768,349269040.0000,0.818050,1,0.832635,0,15.875335
2017-03-07,sz.002027,12.0900,12.1100,11.9500,12.0100,12.1100,25737877,309543984.0000,0.726387,1,-0.825759,0,15.744242
2017-03-08,sz.002027,12.0100,12.0400,11.8300,11.8600,12.0100,29804481,355308368.0000,0.841156,1,-1.248964,0,15.547603
2017-03-09,sz.002027,11.8900,11.9700,11.7300,11.7600,11.8600,28474507,336401824.0000,0.803621,1,-0.843166,0,15.416510
2017-03-10,sz.002027,11.7500,11.8000,11.6300,11.7000,11.7600,24294280,284245184.0000,0.685645,1,-0.510208,0,15.337855
2017-03-13,sz.002027,11.7300,11.7300,11.5000,11.6300,11.7000,27759535,322380288.0000,0.783443,1,-0.598288,0,15.246090
2017-03-14,sz.002027,11.6300,11.8700,11.6100,11.8000,11.6300,50778524,597389568.0000,1.433096,1,1.461738,0,15.468948
2017-03-15,sz.002027,11.8000,11.8400,11.5800,11.6600,11.8000,29998511,350560560.0000,0.846632,1,-1.186444,0,15.285418
2017-03-16,sz.002027,11.6900,11.7200,11.5500,11.6400,11.6600,57820666,671476048.0000,1.631842,1,-0.171522,0,15.259199
2017-03-17,sz.002027,11.6400,11.9700,11.5800,11.7300,11.6400,151844824,1789879344.0000,4.285437,1,0.773189,0,15.377183
2017-03-20,sz.002027,11.7700,11.8000,11.4000,11.4300,11.7300,81946071,944180192.0000,2.312721,1,-2.557538,0,14.983904
2017-03-21,sz.002027,11.3800,11.3800,11.0500,11.1300,11.4300,57320971,640080528.0000,1.617740,1,-2.624674,0,14.590626
2017-03-22,sz.002027,11.0500,11.2500,10.9200,11.1500,11.1300,36357531,402938352.0000,1.026100,1,0.179690,0,14.616844
2017-03-23,sz.002027,11.1500,11.1700,10.9000,10.9600,11.1500,35685876,393388496.0000,1.007144,1,-1.704032,0,14.367768
2017-03-24,sz.002027,11.0000,11.4500,10.9300,11.4000,10.9600,62353967,701599296.0000,1.759783,1,4.014595,0,14.944576
2017-03-27,sz.002027,11.3800,12.2500,11.2600,11.8600,11.4000,122569747,1441716736.0000,3.459222,1,4.035088,0,15.547603
2017-03-28,sz.002027,11.8400,12.0500,11.5600,11.8700,11.8600,68705678,817413136.0000,1.939044,1,0.084319,0,15.560712
2017-03-29,sz.002027,11.8400,11.9900,11.6500,11.6600,11.8700,33103557,390300848.0000,0.934264,1,-1.769166,0,15.285418
2017-03-30,sz.002027,11.6100,11.9700,11.5100,11.8200,11.6600,51333312,606765152.0000,1.448753,1,1.372211,0,15.495166
2017-03-31,sz.002027,12.0800,12.3500,11.8600,12.1700,11.8200,67341245,812692848.0000,1.900537,1,2.961086,0,15.953991
2017-04-05,sz.002027,12.2000,12.2500,11.8700,12.1100,12.1700,50245342,604844960.0000,1.418048,1,-0.493019,0,15.875335
2017-04-06,sz.002027,12.0900,12.1000,11.9100,12.0100,12.1100,30765089,369173600.0000,0.868267,1,-0.825759,0,15.744242
2017-04-07,sz.002027,11.9500,12.3500,11.8800,12.1600,12.0100,52983649,646928752.0000,1.495330,1,1.248956,0,15.940882
2017-04-10,sz.002027,12.2400,12.2600,11.9000,11.9200,12.1600,32385011,388772880.0000,0.913985,1,-1.973682,0,15.626259
2017-04-11,sz.002027,11.9000,12.0500,11.5100,11.8100,11.9200,36617223,431794832.0000,1.033429,1,-0.922816,0,15.482057
2017-04-12,sz.002027,11.7300,11.9400,11.6600,11.7500,11.8100,24126809,284345216.0000,0.680918,1,-0.508047,0,15.403401
2017-04-13,sz.002027,11.7700,11.9100,11.7000,11.7600,11.7500,20841215,245984878.0000,0.588191,1,0.085108,0,15.416510
2017-04-14,sz.002027,11.8300,11.8800,11.5600,11.7400,11.7600,19867254,233019080.0000,0.560703,1,-0.170072,0,15.390292
2017-04-17,sz.002027,11.7500,11.7500,10.9700,11.4000,11.7400,93672541,1060262320.0000,2.313859,1,-2.896083,0,14.944576
2017-04-18,sz.002027,11.3000,11.9000,11.2500,11.6200,11.4000,46060851,533910976.0000,1.137775,1,1.929827,0,15.232981
2017-04-19,sz.002027,11.6000,11.9600,11.5100,11.9200,11.6200,48195610,568306128.0000,1.190507,1,2.581757,0,15.626259
2017-04-20,sz.002027,11.9200,12.5000,11.9200,12.4700,11.9200,86401602,1058574288.0000,2.134255,1,4.614095,0,16.347269
2017-04-21,sz.002027,12.4000,12.6900,12.2500,12.5500,12.4700,51208824,640818928.0000,1.264938,1,0.641539,0,16.452143
2017-04-24,sz.002027,12.3000,13.1600,12.0300,12.6600,12.5500,80203485,1027499792.0000,1.981152,1,0.876491,0,16.596345
2017-04-25,sz.002027,12.5700,12.9800,12.3800,12.6600,12.6600,46769402,591922528.0000,1.155278,1,0.000000,0,16.596345
2017-04-26,sz.002027,12.6700,12.9600,12.5500,12.9100,12.6600,40016195,513878608.0000,0.988463,1,1.974723,0,16.924077
2017-04-27,sz.002027,12.8800,12.9300,12.3800,12.8200,12.9100,43437388,550120240.0000,1.072972,1,-0.697135,0,16.806094
2017-04-28,sz.002027,12.8600,12.8900,12.3900,12.6400,12.8200,48469600,611759792.0000,1.197275,1,-1.404051,0,12.181603
2017-05-02,sz.002027,12.6200,13.1400,12.3900,13.1000,12.6400,42453160,543717456.0000,1.048660,1,3.639241,0,12.624920
2017-05-03,sz.002027,13.0000,13.1500,12.7700,12.8100,13.1000,33577825,435770688.0000,0.829425,1,-2.213740,0,12.345437
2017-05-04,sz.002027,12.8200,12.8500,12.4200,12.4500,12.8100,37589952,472874752.0000,0.928531,1,-2.810309,0,11.998493
2017-05-05,sz.002027,12.4000,12.7300,12.3100,12.4200,12.4500,31689335,398341296.0000,0.782776,1,-0.240962,0,11.969581
2017-05-08,sz.002027,12.4400,12.9400,12.3600,12.8000,12.4200,50421304,642774240.0000,1.245485,1,3.059582,0,12.335800
2017-05-09,sz.002027,12.7900,13.0500,12.5300,13.0100,12.8000,34770875,447050976.0000,0.858895,1,1.640625,0,12.538184
2017-05-10,sz.002027,13.0100,13.0900,12.4700,12.6000,13.0100,44820028,574717872.0000,1.107125,1,-3.151421,0,12.143053
2017-05-11,sz.002027,12.4400,12.7700,12.4000,12.7200,12.6000,32617766,412334320.0000,0.805710,1,0.952380,0,12.258701
2017-05-12,sz.002027,12.7200,12.9500,12.6100,12.7300,12.7200,27362288,349395888.0000,0.675891,1,0.078611,0,12.268339
2017-05-15,sz.002027,12.8200,13.0000,12.7600,12.9300,12.7300,33714144,434810752.0000,0.832792,1,1.571098,0,12.461086
2017-05-16,sz.002027,12.9600,12.9800,12.5300,12.8800,12.9300,42502450,541932400.0000,1.049877,1,-0.386699,0,12.412899
2017-05-17,sz.002027,12.8300,13.2600,12.8100,13.2000,12.8800,94393806,1238211440.0000,2.331675,1,2.484470,0,12.721294
2017-05-18,sz.002027,13.0600,13.2200,12.9500,13.1300,13.2000,44710911,584848368.0000,1.104430,1,-0.530301,0,12.653832
2017-05-19,sz.002027,13.1500,13.2900,13.0100,13.0400,13.1300,30108338,395075552.0000,0.743723,1,-0.685454,0,12.567096
2017-05-22,sz.002027,12.9500,12.9700,12.5300,12.6300,13.0400,44988696,573947360.0000,1.111291,1,-3.144171,0,12.171965
2017-05-23,sz.002027,12.5300,12.8500,12.5100,12.5800,12.6300,32719966,414421120.0000,0.808235,1,-0.395884,0,12.123779
2017-05-24,sz.002027,12.5800,12.7500,12.1700,12.6200,12.5800,36007878,448705104.0000,0.889451,1,0.317965,0,12.162328
2017-05-25,sz.002027,12.6000,12.7700,12.5100,12.6900,12.6200,25419249,321633296.0000,0.627895,1,0.554673,0,12.229789
2017-05-26,sz.002027,12.6900,12.7500,12.4400,12.5700,12.6900,18472607,232823463.0000,0.456302,1,-0.945626,0,12.114141
2017-05-31,sz.002027,13.0200,13.5000,12.8600,12.8800,12.5700,92277783,1207748864.0000,2.279406,1,2.466193,0,12.412899
2017-06-01,sz.002027,12.8400,13.7800,12.8100,13.5100,12.8800,101023129,1351119456.0000,2.495430,1,4.891305,0,13.020051
2017-06-02,sz.002027,13.5400,13.7100,13.2500,13.6700,13.5100,62388034,840141184.0000,1.541082,1,1.184307,0,13.174249
2017-06-05,sz.002027,13.7000,13.7600,13.4500,13.5800,13.6700,46396832,631460560.0000,1.146075,1,-0.658377,0,13.087513
2017-06-06,sz.002027,13.5700,13.7200,13.4400,13.6700,13.5800,23665062,321637152.0000,0.584564,1,0.662740,0,13.174249
2017-06-07,sz.002027,13.6000,14.4500,13.6000,14.4000,13.6700,77595700,1101087600.0000,1.916736,1,5.340158,0,13.877775
2017-06-08,sz.002027,14.3200,14.9400,14.1200,14.4800,14.4000,53500795,781652368.0000,1.321554,1,0.555555,0,13.954874
2017-06-09,sz.002027,14.4700,15.0900,14.4700,14.9900,14.4800,56710520,835895680.0000,1.400839,1,3.522101,0,14.446378
2017-06-12,sz.002027,14.9100,15.1900,14.7700,14.8400,14.9900,39574562,593114752.0000,0.977554,1,-1.000665,0,14.301818
2017-06-13,sz.002027,14.8400,15.0900,14.6600,14.9700,14.8400,32503253,483830272.0000,0.802881,1,0.876012,0,14.427104
2017-06-14,sz.002027,14.9000,14.9800,14.5500,14.5700,14.9700,34110522,501643616.0000,0.842583,1,-2.672014,0,14.041610
2017-06-15,sz.002027,14.5100,14.7300,14.2400,14.3100,14.5700,34873418,503424480.0000,0.861428,1,-1.784484,0,13.791039
2017-06-16,sz.002027,14.3100,14.5400,14.1300,14.4800,14.3100,31332336,448854640.0000,0.773958,1,1.187974,0,13.954874
2017-06-19,sz.002027,13.0300,13.6800,13.0300,13.0600,14.4800,162266254,2141561392.0000,4.008231,1,-9.806624,0,12.586371
2017-06-20,sz.002027,13.1100,13.4600,13.1100,13.2700,13.0600,44149718,586119872.0000,1.090567,1,1.607963,0,12.788755
2017-06-21,sz.002027,13.2800,13.5800,12.9100,13.3200,13.2700,41641757,550581216.0000,1.028617,1,0.376784,0,12.836942
2017-06-22,sz.002027,13.2500,13.8000,13.2200,13.3900,13.3200,38988750,528456800.0000,0.963083,1,0.525531,0,12.904403
2017-06-23,sz.002027,13.3500,13.4500,13.1200,13.4500,13.3900,28428152,377158144.0000,0.702220,1,0.448092,0,12.962227
2017-06-26,sz.002027,13.4500,13.5200,13.0600,13.3200,13.4500,41788960,554154288.0000,1.032253,1,-0.966544,0,12.836942
2017-06-27,sz.002027,13.4000,13.9000,13.2800,13.7300,13.3200,37729601,510268720.0000,0.931980,1,3.078077,0,13.232073
2017-06-28,sz.002027,13.6700,13.8400,13.5300,13.6300,13.7300,21267088,290852480.0000,0.525330,1,-0.728328,0,13.135700
2017-06-29,sz.002027,13.6700,13.7800,13.4800,13.5400,13.6300,20796509,283103600.0000,0.513706,1,-0.660309,0,13.048964
2017-06-30,sz.002027,13.4500,13.8200,13.4000,13.7600,13.5400,19043585,260493729.0000,0.459370,1,1.624817,0,13.260985
2017-07-03,sz.002027,13.8200,13.8800,13.6200,13.7600,13.7600,19969313,274057920.0000,0.481701,1,0.000000,0,13.260985
2017-07-04,sz.002027,13.7300,13.7600,13.3400,13.4000,13.7600,22182729,299214480.0000,0.535093,1,-2.616283,0,12.914041
2017-07-05,sz.002027,13.4700,13.6700,13.3000,13.5800,13.4000,21143642,285148224.0000,0.510028,1,1.343286,0,13.087513
2017-07-06,sz.002027,9.4600,9.5000,9.2300,9.2500,9.4100,37767560,353351136.0000,0.650737,1,-1.700317,0,12.480360
2017-07-07,sz.002027,9.2800,9.3600,8.8400,9.0300,9.2500,58245071,526064224.0000,1.003565,1,-2.378381,0,12.183530
2017-07-10,sz.002027,9.0000,9.1300,8.8500,9.0200,9.0300,36421397,328504624.0000,0.627542,1,-0.110734,0,12.170038
2017-07-11,sz.002027,9.0000,9.0600,8.6600,8.9300,9.0200,45211580,400576800.0000,0.778997,1,-0.997784,0,12.048607
2017-07-12,sz.002027,8.9300,9.0000,8.7800,8.9200,8.9300,24695084,220195661.0000,0.425497,1,-0.111985,0,12.035115
2017-07-13,sz.002027,8.9400,8.9600,8.8000,8.8600,8.9200,20116467,178212355.0000,0.346608,1,-0.672651,0,11.954161
2017-07-14,sz.002027,8.8800,8.8900,8.7400,8.8500,8.8600,13380675,117891102.0000,0.230550,1,-0.112859,0,11.940669
2017-07-17,sz.002027,8.8200,8.8300,8.3100,8.6000,8.8500,45109464,388492976.0000,0.777238,1,-2.824859,0,11.603362
2017-07-18,sz.002027,8.7000,8.7000,8.3500,8.5700,8.6000,23441654,199288973.0000,0.403901,1,-0.348845,0,11.562885
2017-07-19,sz.002027,8.5000,8.8500,8.4600,8.7800,8.5700,24040282,207174779.0000,0.414215,1,2.450409,0,11.846223
2017-07-20,sz.002027,8.7700,8.7800,8.5600,8.7200,8.7800,29164063,252171595.0000,0.502498,1,-0.683365,0,11.765269
2017-07-21,sz.002027,8.6600,8.8300,8.6200,8.7200,8.7200,26694413,232886501.0000,0.459946,1,0.000000,0,11.765269
2017-07-24,sz.002027,8.7400,8.7800,8.5900,8.6200,8.7200,19693298,170084932.0000,0.339316,1,-1.146793,0,11.630347
2017-07-25,sz.002027,8.6000,8.7400,8.5800,8.6900,8.6200,20247964,175733801.0000,0.348873,1,0.812061,0,11.724792
2017-07-26,sz.002027,8.7400,8.7900,8.6200,8.7100,8.6900,16490937,143519461.0000,0.284139,1,0.230155,0,11.751777
2017-07-27,sz.002027,8.7000,9.0800,8.6000,9.0500,8.7100,57826524,514759136.0000,0.996353,1,3.903561,0,12.210515
2017-07-28,sz.002027,9.1000,9.3800,8.9000,9.0200,9.0500,41540931,379151472.0000,0.715752,1,-0.331489,0,12.170038
2017-07-31,sz.002027,9.0800,9.0800,8.7400,8.8800,9.0200,25850906,228858026.0000,0.445412,1,-1.552110,0,11.981146
2017-08-01,sz.002027,8.8900,8.9300,8.6300,8.7400,8.8800,30301499,265050340.0000,0.522096,1,-1.576581,0,11.792254
2017-08-02,sz.002027,8.7800,8.7800,8.6600,8.7300,8.7400,26209688,228140975.0000,0.451594,1,-0.114419,0,11.778762
2017-08-03,sz.002027,8.7300,8.7300,8.5000,8.6000,8.7300,38370620,329152304.0000,0.661127,1,-1.489108,0,11.603362
2017-08-04,sz.002027,8.5800,8.6200,8.5100,8.5400,8.6000,16602478,142346667.0000,0.286061,1,-0.697679,0,11.522408
2017-08-07,sz.002027,8.5400,8.6900,8.5000,8.6600,8.5400,25206493,216832299.0000,0.434309,1,1.405151,0,11.684316
2017-08-08,sz.002027,8.6900,8.7800,8.5800,8.7000,8.6600,23294103,202128990.0000,0.401358,1,0.461893,0,11.738285
2017-08-09,sz.002027,8.7100,9.0100,8.6600,8.9000,8.7000,46117448,409592768.0000,0.794605,1,2.298849,0,12.008130
2017-08-10,sz.002027,8.9200,8.9400,8.7700,8.8700,8.9000,23879140,211444632.0000,0.411439,1,-0.337076,0,11.967654
2017-08-11,sz.002027,8.8000,9.4400,8.6000,8.9800,8.8700,53533533,481708432.0000,0.922385,1,1.240131,0,12.116069
2017-08-14,sz.002027,8.9500,9.3100,8.8100,9.1700,8.9800,52197889,477300288.0000,0.899372,1,2.115819,0,12.372422
2017-08-15,sz.002027,9.2000,9.2900,9.0600,9.2100,9.1700,28460987,261304370.0000,0.490384,1,0.436205,0,12.426391
2017-08-16,sz.002027,9.1300,9.4500,9.0000,9.3100,9.2100,42940595,395123152.0000,0.739868,1,1.085781,0,12.561314
2017-08-17,sz.002027,9.2300,9.4400,9.1900,9.2600,9.3100,39766623,369460384.0000,0.685180,1,-0.537059,0,12.493853
2017-08-18,sz.002027,9.1000,9.2700,9.0800,9.1000,9.2600,26470830,242091767.0000,0.456093,1,-1.727860,0,12.277976
2017-08-21,sz.002027,9.0500,9.1600,8.9500,9.1100,9.1000,35847733,324348032.0000,0.617658,1,0.109882,0,12.291468
2017-08-22,sz.002027,9.0800,9.2400,9.0400,9.1900,9.1100,33506128,307268720.0000,0.577312,1,0.878155,0,12.399407
2017-08-23,sz.002027,9.1700,9.2000,9.0300,9.0500,9.1900,17207278,156405612.0000,0.296482,1,-1.523389,0,12.210515
2017-08-24,sz.002027,9.0400,9.0700,8.6800,8.7300,9.0500,50002968,440970304.0000,0.861553,1,-3.535918,0,11.778762
2017-08-25,sz.002027,8.7100,8.8800,8.5800,8.8200,8.7300,21262938,186744468.0000,0.366361,1,1.030930,0,11.900192
2017-08-28,sz.002027,8.8000,9.2000,8.7600,9.0800,8.8200,56320180,505222048.0000,0.970399,1,2.947849,0,12.250991
2017-08-29,sz.002027,9.0700,9.2400,9.0100,9.1100,9.0800,33212367,302362992.0000,0.572250,1,0.330394,0,12.291468
2017-08-30,sz.002027,9.1100,9.4800,9.1100,9.3700,9.1100,98019492,918536256.0000,1.688880,1,2.854009,0,16.566114
2017-08-31,sz.002027,9.3700,9.4300,9.3100,9.3700,9.3700,33364925,313064640.0000,0.574879,1,0.000000,0,16.566114
2017-09-01,sz.002027,9.3700,9.5500,9.2700,9.5000,9.3700,37684694,354801584.0000,0.649309,1,1.387408,0,16.795953
2017-09-04,sz.002027,9.4600,9.5500,9.3500,9.4200,9.5000,31839513,300556672.0000,0.548596,1,-0.842105,0,16.654514
2017-09-05,sz.002027,9.4300,9.5000,9.2900,9.3000,9.4200,39150428,367576896.0000,0.674563,1,-1.273884,0,16.442354
2017-09-06,sz.002027,9.3000,9.9900,9.2800,9.8700,9.3000,69001796,658907008.0000,1.188904,1,6.129029,0,17.450112
2017-09-07,sz.002027,9.8700,10.1300,9.7200,9.7900,9.8700,76628926,761370000.0000,1.320319,1,-0.810536,0,17.308672
2017-09-08,sz.002027,9.7800,10.1000,9.7000,10.0000,9.7900,58253885,581520672.0000,1.003717,1,2.145046,0,17.679951
2017-09-11,sz.002027,10.0600,10.4300,9.9900,10.0500,10.0000,69523590,705270816.0000,1.197894,1,0.500002,0,17.768351
2017-09-12,sz.002027,10.1200,10.1500,9.7700,9.8300,10.0500,43961540,433891371.6200,0.757459,1,-2.189057,0,17.379392
2017-09-13,sz.002027,9.8300,9.8600,9.6500,9.7300,9.8300,30450555,296383677.7800,0.524664,1,-1.017298,0,17.202592
2017-09-14,sz.002027,9.7200,9.8000,9.6500,9.7200,9.7300,26212498,254355123.4800,0.451642,1,-0.102767,0,17.184912
2017-09-15,sz.002027,9.6800,9.8000,9.3400,9.6600,9.7200,95471863,911742788.3600,1.644984,1,-0.617288,0,17.078833
2017-09-18,sz.002027,9.6200,9.9800,9.5500,9.8700,9.6600,35670572,349954177.7300,0.614605,1,2.173913,0,17.450112
2017-09-19,sz.002027,9.8400,10.0500,9.7300,9.9000,9.8700,40953947,405169553.6300,0.705638,1,0.303949,0,17.503151
2017-09-20,sz.002027,9.8800,10.0800,9.7900,10.0400,9.9000,35037771,349529590.3400,0.603702,1,1.414145,0,17.750671
2017-09-21,sz.002027,10.0400,10.3800,9.8900,9.9300,10.0400,41696937,423398194.3200,0.718440,1,-1.095614,0,17.556191
2017-09-22,sz.002027,9.8800,10.0600,9.7900,9.9900,9.9300,17816320,176707587.8100,0.306976,1,0.604224,0,17.662271
2017-09-25,sz.002027,9.9500,10.1500,9.8000,10.0300,9.9900,24238967,242284268.4200,0.417638,1,0.400400,0,17.732991
2017-09-26,sz.002027,9.9800,10.0900,9.8800,10.0000,10.0300,21233717,211890020.9400,0.365858,1,-0.299100,0,17.679951
2017-09-27,sz.002027,9.9800,10.0300,9.9200,9.9600,10.0000,22658527,226391096.9000,0.390407,1,-0.400000,0,17.609231
2017-09-28,sz.002027,9.9700,10.0000,9.7900,9.9200,9.9600,29427853,291147320.2600,0.507043,1,-0.401606,0,17.538511
2017-09-29,sz.002027,9.8800,10.1300,9.8800,10.0500,9.9200,38479073,386518800.5000,0.662996,1,1.310485,0,17.768351
2017-10-09,sz.002027,10.1300,10.5600,10.1200,10.3500,10.0500,47076020,487717675.8600,0.811122,1,2.985076,0,18.298749
2017-10-10,sz.002027,10.3100,10.7000,10.3100,10.5000,10.3500,39590329,417168875.7300,0.682143,1,1.449272,0,18.563948
2017-10-11,sz.002027,10.5000,11.0800,10.4500,10.8300,10.5000,62204912,675106530.7000,1.071793,1,3.142856,0,19.147387
2017-10-12,sz.002027,10.9200,11.0300,10.7800,10.8500,10.8300,47392734,517826118.8000,0.816579,1,0.184676,0,19.182747
2017-10-13,sz.002027,10.9000,10.9600,10.7400,10.8400,10.8500,35126661,380717520.0800,0.605234,1,-0.092168,0,19.165067
2017-10-16,sz.002027,10.8600,11.2600,10.8600,11.1500,10.8400,77620041,864595641.9700,1.337396,1,2.859774,0,19.713145
2017-10-17,sz.002027,11.2000,11.4200,10.8800,10.9000,11.1500,48681705,544494575.3800,0.838788,1,-2.242153,0,19.271146
2017-10-18,sz.002027,10.9300,11.1100,10.7000,11.0000,10.9000,32397605,354525983.4400,0.558212,1,0.917435,0,19.447946
2017-10-19,sz.002027,10.9500,11.3800,10.9100,11.2900,11.0000,51022583,573403498.9100,0.879121,1,2.636363,0,19.960665
2017-10-20,sz.002027,11.2700,11.6000,11.1300,11.6000,11.2900,37065662,425536841.8300,0.638643,1,2.745796,0,20.508743
2017-10-23,sz.002027,11.6300,12.1200,11.6100,12.0800,11.6000,49366465,589806017.8600,0.850586,1,4.137927,0,21.357381
2017-10-24,sz.002027,12.0800,12.1000,11.6700,11.7800,12.0800,42920635,507999879.7400,0.739524,1,-2.483445,0,20.826982
2017-10-25,sz.002027,11.8400,12.1500,11.6200,12.1500,11.7800,36926628,438103951.8000,0.636247,1,3.140916,0,21.481140
2017-10-26,sz.002027,12.1100,12.2800,11.9100,12.2500,12.1500,35281693,428391600.7800,0.607905,1,0.823048,0,21.657940
2017-10-27,sz.002027,12.2000,12.2500,11.9200,12.1200,12.2500,27934205,336904449.4700,0.481307,1,-1.061225,0,21.428100
2017-10-30,sz.002027,12.1200,12.3700,11.9100,12.1500,12.1200,40643487,496159874.0700,0.700289,1,0.247523,0,17.913701
2017-10-31,sz.002027,12.2000,12.2700,11.6000,11.9000,12.1500,46658126,552166524.2900,0.803921,1,-2.057613,0,17.545106
2017-11-01,sz.002027,11.9200,12.3100,11.6700,11.8800,11.9000,43140208,519480911.8000,0.743307,1,-0.168063,0,17.515618
2017-11-02,sz.002027,11.8000,12.2200,11.7500,11.8300,11.8800,40519698,483887040.1800,0.698156,1,-0.420877,0,17.441900
2017-11-03,sz.002027,11.8100,12.1900,11.8100,11.9000,11.8300,38547354,462425975.9100,0.664172,1,0.591713,0,17.545106
2017-11-06,sz.002027,11.7700,12.7000,11.6100,12.4600,11.9000,77074759,951567101.0100,1.328001,1,4.705886,0,18.370758
2017-11-07,sz.002027,12.5000,12.6000,12.1300,12.4600,12.4600,46296344,574979871.7300,0.797688,1,0.000000,0,18.370758
2017-11-08,sz.002027,12.4500,12.5900,12.1400,12.2200,12.4600,43478291,537692964.8300,0.749133,1,-1.926162,0,18.016907
2017-11-09,sz.002027,12.2500,12.3400,11.8400,12.0400,12.2200,48358173,580333698.2000,0.833213,1,-1.472998,0,17.751519
2017-11-10,sz.002027,12.0200,12.3200,11.9200,12.1600,12.0400,64807699,787942342.5700,1.116639,1,0.996677,0,17.928445
2017-11-13,sz.002027,12.1800,12.4000,12.0700,12.3000,12.1600,63207226,773820202.3800,1.089063,1,1.151319,0,18.134858
2017-11-14,sz.002027,12.3500,12.5700,12.1900,12.3800,12.3000,69550657,861136556.9900,1.198361,1,0.650406,0,18.252808
2017-11-15,sz.002027,12.3800,12.4000,11.7300,12.1200,12.3800,49760508,598073469.6400,0.857376,1,-2.100163,0,17.869469
2017-11-16,sz.002027,12.0300,12.3200,11.7600,12.1100,12.1200,43744139,527074329.2400,0.753713,1,-0.082510,0,17.854726
2017-11-17,sz.002027,12.1500,13.1100,12.0900,12.6300,12.1100,90691198,1151099110.1300,1.562613,1,4.293976,0,18.621402
2017-11-20,sz.002027,12.5400,13.1800,12.4000,13.0800,12.6300,62734786,809771521.4200,1.080923,1,3.562944,0,19.284873
2017-11-21,sz.002027,13.0800,13.7700,12.9000,13.6800,13.0800,74898775,1010577774.1300,1.290509,1,4.587159,0,20.169500
2017-11-22,sz.002027,13.6500,13.7400,13.3800,13.5300,13.6800,52005267,703684635.3100,0.896053,1,-1.096495,0,19.948343
2017-11-23,sz.002027,13.4100,13.4800,12.5400,12.5500,13.5300,65701428,852329314.2700,1.132038,1,-7.243160,0,18.503452
2017-11-24,sz.002027,12.5800,13.0700,12.5300,12.7100,12.5500,48184862,612772838.0400,0.830227,1,1.274899,0,18.739353
2017-11-27,sz.002027,12.8700,12.9000,11.7800,11.8800,12.7100,57210176,705365386.4400,0.985734,1,-6.530291,0,17.515618
2017-11-28,sz.002027,11.9300,12.3800,11.9200,12.2300,11.8800,46102853,562308940.8000,0.794354,1,2.946123,0,18.031651
2017-11-29,sz.002027,12.2800,12.4700,11.9800,12.1200,12.2300,31739785,385728424.0100,0.546878,1,-0.899425,0,17.869469
2017-11-30,sz.002027,12.1100,12.4500,11.5500,12.0000,12.1200,33751741,407497294.4000,0.581544,1,-0.990098,0,17.692544
2017-12-01,sz.002027,12.1900,13.0900,12.1400,12.9400,12.0000,80040638,1016057972.9500,1.379103,1,7.833330,0,19.078460
2017-12-04,sz.002027,12.9100,13.0000,12.5800,12.6600,12.9400,59008363,752883772.3800,1.016716,1,-2.163831,0,18.665634
2017-12-05,sz.002027,12.5100,13.0500,12.4700,12.6600,12.6600,52226491,668195747.1500,0.899865,1,0.000000,0,18.665634
2017-12-06,sz.002027,12.6900,13.0200,12.5000,12.9400,12.6600,51912261,665331268.0700,0.894450,1,2.211688,0,19.078460
2017-12-07,sz.002027,12.8000,12.9300,12.5800,12.7000,12.9400,50122547,640174814.1200,0.863613,1,-1.854712,0,18.724609
2017-12-08,sz.002027,12.6000,13.1300,12.4700,13.0000,12.7000,76461693,985743021.6200,1.317438,1,2.362206,0,19.166923
2017-12-11,sz.002027,12.9800,13.8500,12.9800,13.4400,13.0000,95116723,1282119014.0000,1.638865,1,3.384612,0,19.815649
2017-12-12,sz.002027,13.4400,13.7400,13.2800,13.3200,13.4400,52992010,711875602.6200,0.913054,1,-0.892856,0,19.638724
2017-12-13,sz.002027,13.2900,13.5600,12.9800,13.5400,13.3200,58450803,776799326.1700,1.007110,1,1.651654,0,19.963087
2017-12-14,sz.002027,13.5000,14.0900,13.3500,13.7200,13.5400,79937355,1105458418.2800,1.377324,1,1.329397,0,20.228475
2017-12-15,sz.002027,13.6700,13.9100,13.3800,13.7700,13.7200,106876473,1457563868.8300,1.841486,1,0.364433,0,20.302194
2017-12-18,sz.002027,13.5600,13.7100,13.0300,13.3200,13.7700,51695354,694475514.7300,0.890713,1,-3.267979,0,19.638724
2017-12-19,sz.002027,13.3700,13.6400,13.1200,13.5400,13.3200,38037814,514376751.0600,0.655393,1,1.651654,0,19.963087
2017-12-20,sz.002027,13.6800,13.7300,13.4400,13.6100,13.5400,38127108,518547641.5700,0.656932,1,0.516984,0,20.066294
2017-12-21,sz.002027,13.4800,14.0500,13.4800,14.0000,13.6100,69101857,963837249.2400,1.190628,1,2.865543,0,20.641301
2017-12-22,sz.002027,14.0100,14.0400,13.6500,13.8300,14.0000,31255626,431526136.4800,0.538536,1,-1.214286,0,20.390657
2017-12-25,sz.002027,13.9900,14.0900,13.4800,13.6500,13.8300,31406771,430139974.3200,0.541140,1,-1.301521,0,20.125269
2017-12-26,sz.002027,13.6900,13.7700,13.2600,13.6600,13.6500,47586627,641423731.8300,0.819919,1,0.073262,0,20.140013
2017-12-27,sz.002027,13.6200,13.6400,13.3700,13.4500,13.6600,31333559,423023603.5700,0.539878,1,-1.537336,0,19.830393
2017-12-28,sz.002027,13.5100,14.1700,13.3500,14.0400,13.4500,74243631,1032873863.0700,1.279221,1,4.386618,0,20.700276
2017-12-29,sz.002027,14.0400,14.3500,13.9100,14.0800,14.0400,44071576,619420371.6000,0.759355,1,0.284900,0,20.759252
2018-01-02,sz.002027,14.1100,14.5100,13.9800,14.0800,14.0800,55079643,786841101.0400,0.949024,1,0.000000,0,20.759252
2018-01-03,sz.002027,14.1500,14.2900,13.7300,13.7900,14.0800,72775306,1014977412.8400,1.253921,1,-2.059659,0,20.331682
2018-01-04,sz.002027,13.8500,13.8600,13.5100,13.6600,13.7900,72929859,995993636.3800,1.256584,1,-0.942713,0,20.140013
2018-01-05,sz.002027,13.6500,14.1000,13.5200,13.7900,13.6600,57324556,795224247.8000,0.987704,1,0.951685,0,20.331682
2018-01-08,sz.002027,13.6600,13.9800,13.3000,13.5100,13.7900,69781946,952517239.1000,1.202346,1,-2.030455,0,19.918856
2018-01-09,sz.002027,13.5200,13.5200,13.1200,13.4400,13.5100,62373622,829228864.5800,1.074700,1,-0.518139,0,19.815649
2018-01-10,sz.002027,13.4600,13.7000,13.3600,13.5700,13.4400,52040088,703975892.0900,0.896653,1,0.967263,0,20.007318
2018-01-11,sz.002027,13.6900,13.8700,13.1600,13.3400,13.5700,53876816,725544841.4900,0.928300,1,-1.694912,0,19.668211
2018-01-12,sz.002027,13.5300,13.6500,13.3100,13.5500,13.3400,35291231,478072127.1400,0.608069,1,1.574213,0,19.977831
2018-01-15,sz.002027,13.6500,13.7500,13.1900,13.6800,13.5500,56672823,761763995.0400,0.976475,1,0.959410,0,20.169500
2018-01-16,sz.002027,13.4700,13.8700,13.2800,13.7500,13.6800,50923630,695441786.6400,0.877416,1,0.511694,0,20.272707
2018-01-17,sz.002027,13.7900,13.9200,13.4200,13.7100,13.7500,47436180,649070067.1100,0.817327,1,-0.290909,0,20.213731
2018-01-18,sz.002027,13.5600,13.8100,13.4200,13.5000,13.7100,52180721,709793073.7100,0.899076,1,-1.531729,0,19.904112
2018-01-19,sz.002027,13.4500,13.5000,13.0300,13.2000,13.5000,57005693,755176069.7100,0.982210,1,-2.222224,0,19.461798
2018-01-22,sz.002027,13.3300,14.3000,13.1200,14.0200,13.2000,93498314,1296547847.5200,1.610980,1,6.212126,0,20.670789
2018-01-23,sz.002027,14.1600,15.0200,14.0000,14.9900,14.0200,112181101,1653823987.7900,1.932885,1,6.918682,0,22.100936
2018-01-24,sz.002027,15.0500,15.0800,14.6500,15.0500,14.9900,84478216,1262609820.5800,1.455563,1,0.400270,0,22.189399
2018-01-25,sz.002027,15.0700,15.5500,14.6600,15.0600,15.0500,80636167,1221112198.4700,1.389364,1,0.066447,0,22.204143
2018-01-26,sz.002027,15.0300,15.0600,14.7400,14.8800,15.0600,46810178,697062300.7900,0.806541,1,-1.195221,0,21.938754
2018-01-29,sz.002027,14.9800,15.1600,14.2800,14.4900,14.8800,63463544,925401351.0800,1.093479,1,-2.620970,0,21.363747
2018-01-30,sz.002027,14.5500,14.6000,14.2100,14.3600,14.4900,32917671,473265685.4200,0.567173,1,-0.897171,0,21.172078
2018-01-31,sz.002027,14.3000,14.5200,14.1200,14.3000,14.3600,44773762,640886663.7800,0.771454,1,-0.417824,0,21.083615
2018-02-01,sz.002027,14.5000,14.5700,14.0600,14.2700,14.3000,47950187,686712237.1900,0.826184,1,-0.209788,0,21.039383
2018-02-02,sz.002027,14.2700,14.9300,14.0700,14.8300,14.2700,62074268,912423301.8800,1.069542,1,3.924313,0,21.865036
2018-02-05,sz.002027,14.5900,14.8600,14.1500,14.4200,14.8300,65171897,941608578.3300,1.122914,1,-2.764665,0,21.260540
2018-02-06,sz.002027,13.9500,14.2800,13.3400,13.8600,14.4200,74197315,1031197094.9500,1.278423,1,-3.883498,0,20.434888
2018-02-07,sz.002027,14.0400,14.2900,13.3600,13.5700,13.8600,50586329,695761643.2500,0.871604,1,-2.092352,0,20.007318
2018-02-08,sz.002027,13.4600,14.1800,13.3800,13.6300,13.5700,51283228,711481237.2200,0.883612,1,0.442155,0,20.095781
2018-02-09,sz.002027,13.1500,13.2900,12.3100,13.0500,13.6300,75432093,974390341.6200,1.299698,1,-4.255319,0,19.240642
2018-02-12,sz.002027,13.1000,14.1800,13.0800,14.1500,13.0500,61479397,850281147.3000,1.059292,1,8.429114,0,20.862458
2018-02-13,sz.002027,14.1500,14.6000,13.7300,13.8900,14.1500,47466399,676514190.9800,0.817848,1,-1.837451,0,20.479120
2018-02-14,sz.002027,13.9800,14.2400,13.8100,14.0600,13.8900,28202522,396394663.0200,0.485931,1,1.223903,0,20.729764
2018-02-22,sz.002027,14.4000,14.7900,14.1400,14.4200,14.0600,61733566,893068939.9600,1.063672,1,2.560453,0,21.260540
2018-02-23,sz.002027,14.4200,14.7000,13.9500,13.9900,14.4200,62540246,889367582.5100,1.077571,1,-2.981972,0,20.626557
2018-02-26,sz.002027,14.0500,14.7400,14.0200,14.4600,13.9900,72203739,1035850123.0500,1.244073,1,3.359545,0,21.319515
2018-02-27,sz.002027,14.5200,15.0800,14.5200,14.8100,14.4600,68784624,1021511710.1700,1.185162,1,2.420473,0,21.835548
2018-02-28,sz.002027,14.6200,15.3900,14.5100,15.0200,14.8100,65108658,979218694.1000,1.121825,1,1.417961,0,22.145167
2018-03-01,sz.002027,14.9000,15.0100,14.6000,14.9800,15.0200,41474055,616708337.9900,0.714600,1,-0.266318,0,22.086192
2018-03-02,sz.002027,14.8500,15.1500,14.5500,14.5800,14.9800,35135207,517346825.5800,0.605381,1,-2.670225,0,21.496441
2018-03-05,sz.002027,14.5800,14.8300,14.3000,14.8200,14.5800,40132407,584991602.0400,0.691483,1,1.646089,0,21.850292
2018-03-06,sz.002027,14.8200,14.8900,14.6200,14.8200,14.8200,37616099,556222745.6500,0.648127,1,0.000000,0,21.850292
2018-03-07,sz.002027,14.8000,14.8600,14.3000,14.3700,14.8200,37833262,549739650.7600,0.651869,1,-3.036436,0,21.186821
2018-03-08,sz.002027,14.5300,14.8300,14.3800,14.6500,14.3700,37371598,546573676.8100,0.643914,1,1.948502,0,21.599647
2018-03-09,sz.002027,14.7400,14.8000,14.4300,14.6500,14.6500,49102129,717699601.0900,0.846032,1,0.000000,0,21.599647
2018-03-12,sz.002027,14.8300,15.1800,14.5800,15.1800,14.6500,61221473,915214003.5800,1.054848,1,3.617752,0,22.381068
2018-03-13,sz.002027,15.1000,15.2700,14.7100,14.7900,15.1800,45188096,673831755.5000,0.778593,1,-2.569172,0,21.806060
2018-03-14,sz.002027,14.6500,14.7400,14.5200,14.6100,14.7900,23876606,349277825.4800,0.411395,1,-1.217041,0,21.540672
2018-03-15,sz.002027,14.4200,14.6400,14.4000,14.6100,14.6100,28464748,413240976.7800,0.490449,1,0.000000,0,21.540672
2018-03-16,sz.002027,14.6100,14.6900,14.2000,14.2200,14.6100,35360767,507909666.7700,0.609267,1,-2.669400,0,20.965665
2018-03-19,sz.002027,14.2500,14.3300,13.8400,13.8800,14.2200,33759860,476813455.8300,0.581684,1,-2.391000,0,20.464376
2018-03-20,sz.002027,13.8500,14.4500,13.7300,14.3600,13.8800,47880487,672631186.1400,0.824983,1,3.458210,0,21.172078
2018-03-21,sz.002027,14.3500,14.5000,13.6700,13.7700,14.3600,42296404,597651795.6400,0.728769,1,-4.108630,0,20.302194
2018-03-22,sz.002027,13.8400,14.0500,13.7700,13.8300,13.7700,34979125,487494132.2800,0.602692,1,0.435726,0,20.390657
2018-03-23,sz.002027,13.3400,13.7000,13.0500,13.5500,13.8300,48979575,659449107.6500,0.843920,1,-2.024582,0,19.977831
2018-03-26,sz.002027,13.5500,13.7600,13.1400,13.6300,13.5500,43011584,577288325.3400,0.741091,1,0.590405,0,20.095781
2018-03-27,sz.002027,13.7800,14.1100,13.6100,13.8000,13.6300,42865756,595502325.6500,0.738579,1,1.247249,0,20.346426
2018-03-28,sz.002027,13.5200,14.1200,13.3000,13.3400,13.8000,47507007,644714482.9900,0.818548,1,-3.333333,0,19.668211
2018-03-29,sz.002027,13.4200,13.5800,12.5400,13.1800,13.3400,86137543,1115921197.8300,1.484153,1,-1.199399,0,19.432311
2018-03-30,sz.002027,13.2000,13.3000,12.7200,12.8900,13.1800,78499016,1019006211.6400,1.352541,1,-2.200303,0,19.004741
2018-04-02,sz.002027,12.9700,13.2700,12.5300,12.7000,12.8900,100982629,1299791853.4200,1.739935,1,-1.474015,0,18.724609
2018-04-03,sz.002027,12.6600,12.6600,11.7600,12.0800,12.7000,158663889,1916254311.8600,2.733785,1,-4.881889,0,17.810494
2018-04-04,sz.002027,12.0400,12.3100,11.8300,11.9800,12.0800,128989997,1561401106.5000,2.222503,1,-0.827818,0,17.663056
2018-04-09,sz.002027,12.1500,12.3000,11.5600,11.6000,11.9800,111063608,1324115819.7400,1.913630,1,-3.171947,0,17.102792
2018-04-10,sz.002027,11.6800,11.9100,11.2300,11.8500,11.6000,117026273,1360011427.8900,2.016367,1,2.155172,0,17.471387
2018-04-11,sz.002027,11.9100,12.4700,11.9100,12.4100,11.8500,97843361,1203933199.1800,1.685845,1,4.725734,0,18.297039
2018-04-12,sz.002027,12.4400,12.4400,12.0900,12.1500,12.4100,56493711,689205739.2100,0.973389,1,-2.095087,0,17.913701
2018-04-13,sz.002027,12.1900,12.2900,11.8800,11.9700,12.1500,52428533,630191396.3900,0.903346,1,-1.481476,0,17.648313
2018-04-16,sz.002027,11.8500,12.1100,11.5800,11.6100,11.9700,69541363,821459508.9300,1.198200,1,-3.007524,0,17.117536
2018-04-17,sz.002027,11.6000,11.8000,11.1100,11.1500,11.6100,73851254,838966848.8100,1.272460,1,-3.962102,0,16.439322
2018-04-18,sz.002027,11.3200,11.3500,10.3200,10.6500,11.1500,185833000,1977452302.9400,3.201910,1,-4.484305,0,15.702133
2018-04-19,sz.002027,10.8400,11.0900,10.7500,10.9600,10.6500,94711398,1033077653.9800,1.631881,1,2.910802,0,16.159190
2018-04-20,sz.002027,10.9600,10.9900,10.0100,10.4800,10.9600,203343615,2100265001.1300,3.503619,1,-4.379566,0,15.451488
2018-04-23,sz.002027,10.3600,10.3800,10.0000,10.2600,10.4800,121738085,1234398256.4700,2.097552,1,-2.099230,0,15.127125
2018-04-24,sz.002027,10.2600,11.2000,10.2200,11.0400,10.2600,170930787,1845940185.6900,2.945014,1,7.602336,0,16.277140
2018-04-25,sz.002027,11.7900,11.7900,11.2000,11.2300,11.0400,194224728,2226786900.1400,3.346352,1,1.721011,0,11.867352
2018-04-26,sz.002027,11.2300,11.3600,10.9000,10.9100,11.2300,89646270,998791110.4700,1.544540,1,-2.849508,0,11.529191
2018-04-27,sz.002027,11.0900,11.2900,10.9400,11.2300,10.9100,133030075,1478238487.6100,2.292012,1,2.933086,0,11.867352
2018-05-02,sz.002027,11.3700,11.4500,11.1000,11.3300,11.2300,79316533,894368144.2200,1.366567,1,0.890475,0,11.973028
2018-05-03,sz.002027,11.2500,11.2800,10.9300,11.1500,11.3300,90779976,1007562311.6000,1.564073,1,-1.588705,0,11.782812
2018-05-04,sz.002027,11.1600,11.2500,11.0100,11.0500,11.1500,49779203,554753791.2900,0.857660,1,-0.896856,0,11.677136
2018-05-07,sz.002027,11.0000,11.1800,10.8200,11.0400,11.0500,94445491,1036536229.4900,1.627228,1,-0.090500,0,11.666569
2018-05-08,sz.002027,11.0700,11.6900,10.9600,11.4900,11.0400,188776234,2146633875.9900,3.252478,1,4.076085,0,12.142108
2018-05-09,sz.002027,11.4300,11.6800,11.2800,11.4000,11.4900,97505341,1120517840.3600,1.679947,1,-0.783291,0,12.047000
2018-05-10,sz.002027,11.4200,11.5300,11.2500,11.3700,11.4000,56665036,643714475.3800,0.976298,1,-0.263155,0,12.015298
2018-05-11,sz.002027,11.4600,11.5700,11.3600,11.5200,11.3700,78792401,903584732.3100,1.357536,1,1.319266,0,12.173811
2018-05-14,sz.002027,11.5900,12.0400,11.5300,11.8500,11.5200,124729888,1477255839.6200,2.149006,1,2.864583,0,12.522540
2018-05-15,sz.002027,12.0000,12.3300,11.9000,12.0600,11.8500,92187336,1114732083.7000,1.588321,1,1.772152,0,12.744458
2018-05-16,sz.002027,12.0400,12.2300,11.9100,11.9500,12.0600,61006743,734638202.1300,1.051102,1,-0.912111,0,12.628215
2018-05-17,sz.002027,11.9200,12.0000,11.6800,11.7000,11.9500,42264202,498306036.0400,0.728182,1,-2.092050,0,12.364027
2018-05-18,sz.002027,11.6600,11.8000,11.6100,11.7900,11.7000,41099909,481324895.2900,0.708122,1,0.769232,0,12.459135
2018-05-21,sz.002027,12.0000,12.1900,11.8100,12.0000,11.7900,58382716,698582971.4700,1.005892,1,1.781171,0,12.681053
2018-05-22,sz.002027,12.0000,12.0000,11.6500,11.8300,12.0000,44573765,525704764.2000,0.767974,1,-1.416667,0,12.501405
2018-05-23,sz.002027,11.8900,11.8900,11.5000,11.5500,11.8300,55169609,644912544.0400,0.950532,1,-2.366862,0,12.205513
2018-05-24,sz.002027,11.6300,11.6900,11.3400,11.3900,11.5500,44368867,510078613.7300,0.764444,1,-1.385280,0,12.036433
2018-05-25,sz.002027,11.4000,11.6700,11.4000,11.5600,11.3900,56364193,650662069.8000,0.971114,1,1.492538,0,12.216081
2018-05-28,sz.002027,11.6100,11.8700,11.4800,11.7400,11.5600,46281819,542858811.3900,0.797402,1,1.557088,0,12.406297
2018-05-29,sz.002027,11.6700,12.0300,11.5500,11.5900,11.7400,63497623,751036794.6600,1.094018,1,-1.277680,0,12.247784
2018-05-30,sz.002027,11.3800,11.7300,11.1500,11.5700,11.5900,58957270,678283087.0500,1.015791,1,-0.172567,0,12.226649
2018-05-31,sz.002027,11.6500,12.4900,11.6500,12.4900,11.5700,143029732,1739578505.6400,2.464299,1,7.951600,0,13.198863
2018-06-01,sz.002027,12.3500,12.4300,12.1000,12.2800,12.4900,66170808,811271297.9700,1.140075,1,-1.681345,0,12.976944
2018-06-04,sz.002027,12.3300,12.6200,12.1200,12.5400,12.2800,87858136,1093755513.5600,1.513732,1,2.117266,0,13.251700
2018-06-05,sz.002027,12.4600,12.7200,12.3300,12.6200,12.5400,68770697,864200127.1300,1.184869,1,0.637958,0,13.336241
2018-06-06,sz.002027,12.6000,12.9100,12.4700,12.4900,12.6200,58597657,744055554.6200,1.009595,1,-1.030112,0,13.198863
2018-06-07,sz.002027,12.6000,12.6500,12.3700,12.5200,12.4900,45896109,575152382.2100,0.790757,1,0.240198,0,13.230565
2018-06-08,sz.002027,12.4800,12.5600,12.2400,12.3600,12.5200,48258549,599054511.6200,0.831460,1,-1.277962,0,13.061485
2018-06-11,sz.002027,12.3400,12.4000,12.1000,12.1800,12.3600,34914606,426779762.0100,0.601553,1,-1.456306,0,12.871269
2018-06-12,sz.002027,12.2600,12.8500,12.2000,12.6600,12.1800,61704441,775637402.4700,1.063123,1,3.940883,0,13.378511
2018-06-13,sz.002027,12.6800,12.8700,12.5000,12.6800,12.6600,51082363,648343268.6100,0.880112,1,0.157981,0,13.399646
2018-06-14,sz.002027,12.7100,12.7100,12.2400,12.3900,12.6800,42807939,533204588.6400,0.737550,1,-2.287066,0,13.093187
2018-06-15,sz.002027,12.3900,12.4600,12.2000,12.3500,12.3900,28877348,356172881.3000,0.497536,1,-0.322841,0,13.050917
2018-06-19,sz.002027,11.9500,12.1800,11.5000,11.9600,12.3500,69124167,818911355.1400,1.190959,1,-3.157897,0,12.638783
2018-06-20,sz.002027,11.8800,12.5600,11.7600,12.4700,11.9600,64287847,785870487.6000,1.107633,1,4.264216,0,13.177728
2018-06-21,sz.002027,12.4800,12.6200,12.2000,12.2100,12.4700,41798097,517948349.9800,0.720151,1,-2.085006,0,12.902971
2018-06-22,sz.002027,12.1500,12.3200,11.9600,12.1000,12.2100,34911024,424058943.3400,0.601492,1,-0.900898,0,12.786728
2018-06-25,sz.002027,12.2400,12.3000,11.6500,11.8400,12.1000,54157281,644709610.2100,0.933091,1,-2.148762,0,12.511972
2018-06-26,sz.002027,11.8000,11.9400,11.0900,11.8600,11.8400,48439341,563025695.3800,0.834575,1,0.168915,0,12.533107
2018-06-27,sz.002027,11.7300,11.8200,11.1300,11.2200,11.8600,68277642,778490660.0600,1.176374,1,-5.396285,0,11.856785
2018-06-28,sz.002027,11.1200,11.3400,10.8500,10.8500,11.2200,60030511,669196616.8700,1.034282,1,-3.297682,0,11.465785
2018-06-29,sz.002027,9.0000,9.5700,9.0000,9.5700,8.9600,65621261,614015766.5300,0.942172,1,6.808032,0,12.135768
2018-07-02,sz.002027,9.6500,9.9800,9.3100,9.4800,9.5700,66352241,643718287.8100,0.952668,1,-0.940441,0,12.021638
2018-07-03,sz.002027,9.6700,9.7200,9.0200,9.5500,9.4800,86007587,812230942.0800,1.234874,1,0.738403,0,12.110406
2018-07-04,sz.002027,9.5500,9.8400,9.4100,9.4600,9.5500,60359360,581415220.5200,0.866623,1,-0.942410,0,11.996276
2018-07-05,sz.002027,9.4800,9.6200,9.0800,9.1800,9.4600,61952471,572964227.0700,0.889497,1,-2.959828,0,11.641207
2018-07-06,sz.002027,9.2700,9.6500,9.1000,9.5200,9.1800,70027801,659440097.8800,1.005440,1,3.703705,0,12.072362
2018-07-09,sz.002027,9.5300,9.8300,9.5200,9.7400,9.5200,74563761,724455483.3800,1.070566,1,2.310917,0,12.351346
2018-07-10,sz.002027,9.7800,9.8700,9.7000,9.8000,9.7400,37623325,368688370.2500,0.540186,1,0.616021,0,12.427432
2018-07-11,sz.002027,9.5200,9.7600,9.5100,9.6900,9.8000,45807915,441941019.7400,0.657698,1,-1.122455,0,12.287940
2018-07-12,sz.002027,9.7100,10.0100,9.6500,9.9500,9.6900,63209268,624753516.4300,0.907542,1,2.683181,0,12.617648
2018-07-13,sz.002027,9.9400,10.2600,9.9100,10.2200,9.9500,63741565,647775107.1600,0.915184,1,2.713573,0,12.960036
2018-07-16,sz.002027,10.2200,10.3700,10.1000,10.1300,10.2200,44593365,456139668.7200,0.640260,1,-0.880628,0,12.845907
2018-07-17,sz.002027,10.2800,10.2800,9.8800,10.1500,10.1300,43503722,435173598.3400,0.624615,1,0.197429,0,12.871269
2018-07-18,sz.002027,10.2000,10.2800,9.9000,9.9400,10.1500,52052145,520554738.1500,0.747351,1,-2.068966,0,12.604967
2018-07-19,sz.002027,10.9300,10.9300,10.9300,10.9300,9.9400,18407727,201196456.1100,0.264293,1,9.959766,0,13.860391
2018-07-20,sz.002027,11.6000,11.6000,10.7200,10.9700,10.9300,399570816,4441048358.4000,5.736930,1,0.365965,0,13.911115
2018-07-23,sz.002027,10.9700,11.2300,10.7500,11.0200,10.9700,170022226,1873445265.8900,2.441133,1,0.455790,0,13.974520
2018-07-24,sz.002027,10.9100,11.0600,10.7800,10.9100,11.0200,124261033,1355067992.8500,1.784106,1,-0.998191,0,13.835029
2018-07-25,sz.002027,10.9800,11.5000,10.8600,11.3500,10.9100,166276476,1870201804.8300,2.387353,1,4.033002,0,14.392995
2018-07-26,sz.002027,11.2500,11.3200,11.0000,11.0600,11.3500,92452898,1028352329.5300,1.327414,1,-2.555066,0,14.025245
2018-07-27,sz.002027,11.3300,11.3800,11.0300,11.0500,11.0600,69510813,775711502.6400,0.998018,1,-0.090418,0,14.012564
2018-07-30,sz.002027,10.9200,11.0400,10.5700,10.8000,11.0500,92546344,995171965.4900,1.328756,1,-2.262444,0,13.695537
2018-07-31,sz.002027,10.8800,10.9700,10.4600,10.6000,10.8000,98689974,1049802828.8300,1.416964,1,-1.851850,0,13.441916
2018-08-01,sz.002027,10.6500,10.9200,10.5400,10.5600,10.6000,78172546,837702309.1700,1.122380,1,-0.377358,0,13.391192
2018-08-02,sz.002027,10.5200,10.6600,10.3100,10.4200,10.5600,81020651,847608407.7400,1.163273,1,-1.325761,0,13.213657
2018-08-03,sz.002027,10.4900,10.6000,10.2100,10.2400,10.4200,65575084,682679904.2700,0.941509,1,-1.727450,0,12.985398
2018-08-06,sz.002027,10.2800,10.5300,10.0200,10.1200,10.2400,82032968,841975980.3000,1.177807,1,-1.171874,0,12.833226
2018-08-07,sz.002027,10.2500,10.6500,10.1300,10.6500,10.1200,119460717,1245914821.8600,1.715185,1,5.237152,0,13.505321
2018-08-08,sz.002027,10.6500,10.7800,10.3600,10.4900,10.6500,66851145,705875644.0700,0.959831,1,-1.502346,0,13.302425
2018-08-09,sz.002027,10.4600,10.8600,10.3700,10.7800,10.4900,75634622,809175231.0100,1.085942,1,2.764537,0,13.670175
2018-08-10,sz.002027,10.7500,10.7800,10.5600,10.6700,10.7800,47579468,508175581.9300,0.683133,1,-1.020405,0,13.530684
2018-08-13,sz.002027,10.5100,10.6500,10.2700,10.5300,10.6700,57140013,598215385.6500,0.820401,1,-1.312093,0,13.353149
2018-08-14,sz.002027,10.5100,10.5500,10.3200,10.3300,10.5300,44254249,460219714.1800,0.635391,1,-1.899333,0,13.099528
2018-08-15,sz.002027,10.3500,10.4700,10.1000,10.1600,10.3300,54784762,561385282.2700,0.786585,1,-1.645693,0,12.883950
2018-08-16,sz.002027,10.0300,10.1600,9.6300,9.6700,10.1600,127447764,1257822120.1300,1.829861,1,-4.822832,0,12.262578
2018-08-17,sz.002027,9.7300,9.7600,9.0300,9.0700,9.6700,191086569,1775783968.7100,2.743570,1,-6.204761,0,11.501715
2018-08-20,sz.002027,9.1500,9.1700,8.6300,8.8800,9.0700,149980611,1329361624.1600,2.153381,1,-2.094813,0,11.260775
2018-08-21,sz.002027,8.9600,9.3500,8.9000,9.2900,8.8800,122516604,1125683248.3300,1.759060,1,4.617115,0,11.780698
2018-08-22,sz.002027,9.2200,9.2900,9.1100,9.2000,9.2900,59686196,549246042.2700,0.856958,1,-0.968785,0,11.666569
2018-08-23,sz.002027,9.2800,9.4000,9.1100,9.2400,9.2000,59602152,552009002.6600,0.855752,1,0.434782,0,11.717293
2018-08-24,sz.002027,9.2300,9.2400,8.9000,9.0500,9.2400,94020594,848125332.5000,1.349922,1,-2.056273,0,11.476353
2018-08-27,sz.002027,9.1200,9.4400,9.0700,9.3700,9.0500,94173133,873298506.2200,1.352113,1,3.535908,0,11.882147
2018-08-28,sz.002027,9.4100,9.5600,9.3200,9.4300,9.3700,68880366,649577822.5500,0.988966,1,0.640346,0,11.958233
2018-08-29,sz.002027,9.0000,9.0000,8.5000,8.5600,9.4300,364976928,3157912098.0600,5.240241,1,-9.225874,0,10.049036
2018-08-30,sz.002027,8.5300,8.8400,8.4900,8.6800,8.5600,169968985,1479017803.2000,2.440369,1,1.401868,0,10.189910
2018-08-31,sz.002027,8.6600,8.6700,8.3800,8.5900,8.6800,92193542,789142373.9400,1.323690,1,-1.036868,0,10.084255
2018-09-03,sz.002027,8.4800,8.5700,8.3200,8.4500,8.5900,98132233,824935485.2200,1.408956,1,-1.629806,0,9.919901
2018-09-04,sz.002027,8.5100,8.6600,8.4600,8.6100,8.4500,95676635,820318514.2900,1.373699,1,1.893489,0,10.107734
2018-09-05,sz.002027,8.5500,8.5800,8.3600,8.3800,8.6100,72100546,610736678.7800,1.035200,1,-2.671307,0,9.837724
2018-09-06,sz.002027,8.4300,8.4500,7.9000,7.9900,8.3800,207412780,1682155854.8500,2.977977,1,-4.653942,0,9.379883
2018-09-07,sz.002027,8.0000,8.1100,7.6300,7.7900,7.9900,185554609,1459043480.7700,2.664143,1,-2.503127,0,9.145092
2018-09-10,sz.002027,7.7800,7.7900,7.5200,7.5900,7.7900,119635072,913114186.2200,1.717688,1,-2.567392,0,8.910302
2018-09-11,sz.002027,7.6000,7.6600,7.4900,7.5400,7.5900,83152568,628408524.6200,1.193882,1,-0.658764,0,8.851604
2018-09-12,sz.002027,7.5300,7.7300,7.4700,7.5700,7.5400,88874414,675278803.6200,1.276035,1,0.397881,0,8.886823
2018-09-13,sz.002027,7.6800,7.7000,7.1300,7.4000,7.5700,189570284,1396894478.3700,2.721799,1,-2.245708,0,8.687251
2018-09-14,sz.002027,7.4300,7.7500,7.3700,7.6800,7.4000,137313358,1042162688.9700,1.971508,1,3.783780,0,9.015957
2018-09-17,sz.002027,7.6800,7.7200,7.5100,7.5200,7.6800,92016610,698664743.6000,1.321150,1,-2.083331,0,8.828125
2018-09-18,sz.002027,7.4200,7.8400,7.4100,7.8300,7.5200,116001640,888349585.3000,1.665520,1,4.122340,0,9.192050
2018-09-19,sz.002027,7.8500,8.1500,7.7900,8.0900,7.8300,135311064,1086536506.4600,1.942760,1,3.320565,0,9.497278
2018-09-20,sz.002027,8.1300,8.2100,8.0100,8.0700,8.0900,97687576,791563057.5700,1.402572,1,-0.247225,0,9.473799
2018-09-21,sz.002027,8.1000,8.4000,7.9700,8.3100,8.0700,97427914,795837645.5100,1.398844,1,2.973987,0,9.755548
2018-09-25,sz.002027,8.1700,8.2000,8.0100,8.1100,8.3100,66979825,542545367.7500,0.961678,1,-2.406748,0,9.520757
2018-09-26,sz.002027,8.2000,8.4400,8.1700,8.2700,8.1100,114566506,955472716.9300,1.644915,1,1.972883,0,9.708590
2018-09-27,sz.002027,8.2700,8.3900,8.2100,8.2400,8.2700,67910424,563450765.3400,0.975040,1,-0.362765,0,9.673371
2018-09-28,sz.002027,8.2700,8.5200,8.2600,8.5100,8.2400,82846325,701047700.4200,1.189485,1,3.276705,0,9.990338
2018-10-08,sz.002027,8.1900,8.2900,7.9500,7.9500,8.5100,89589155,725652708.7500,1.286297,1,-6.580498,0,9.332925
2018-10-09,sz.002027,8.0200,8.1000,7.5800,7.7700,7.9500,84335898,658476551.3200,1.210872,1,-2.264149,0,9.121613
2018-10-10,sz.002027,7.8200,7.9100,7.6100,7.7200,7.7700,52760645,408123940.9800,0.757523,1,-0.643503,0,9.062916
2018-10-11,sz.002027,7.3600,7.4900,7.2000,7.2900,7.7200,131297286,963999443.0700,1.885131,1,-5.569946,0,8.558116
2018-10-12,sz.002027,7.3400,7.6800,7.3000,7.5800,7.2900,92798379,698695274.9900,1.332374,1,3.978052,0,8.898562
2018-10-15,sz.002027,7.7300,7.7400,7.3500,7.4300,7.5800,70740677,531490485.8200,1.015676,1,-1.978893,0,8.722469
2018-10-16,sz.002027,7.4500,7.5700,7.2800,7.3300,7.4300,48308186,357612686.2300,0.693596,1,-1.345894,0,8.605074
2018-10-17,sz.002027,7.5000,7.5800,7.2800,7.5500,7.3300,60895136,452900093.3600,0.874316,1,3.001368,0,8.863344
2018-10-18,sz.002027,7.4900,7.4900,7.3100,7.3300,7.5500,52969210,390700446.5700,0.760518,1,-2.913911,0,8.605074
2018-10-19,sz.002027,7.3400,7.4800,6.8200,7.4800,7.3300,115609087,830480493.1000,1.659884,1,2.046386,0,8.781167
2018-10-22,sz.002027,7.5100,8.0100,7.4800,7.8100,7.4800,108330330,843144876.3100,1.555378,1,4.411764,0,9.168571
2018-10-23,sz.002027,7.7900,7.8000,7.2900,7.3900,7.8100,100058477,751453893.5300,1.436613,1,-5.377722,0,8.675511
2018-10-24,sz.002027,7.3300,7.3700,7.0400,7.1400,7.3900,107796201,773393238.6200,1.547709,1,-3.382950,0,8.382023
2018-10-25,sz.002027,6.8300,7.2100,6.7800,7.0800,7.1400,94647197,658207994.0700,1.358919,1,-0.840335,0,8.311586
2018-10-26,sz.002027,7.1700,7.2200,6.8500,6.8800,7.0800,79795041,555250790.4400,1.145676,1,-2.824856,0,8.076795
2018-10-29,sz.002027,6.9200,6.9200,6.3800,6.4100,6.8800,121450250,790245313.5800,1.743750,1,-6.831399,0,7.525037
2018-10-30,sz.002027,5.8500,6.1300,5.7700,5.8600,6.4100,253993867,1496155367.5800,3.646776,1,-8.580339,0,6.357504
2018-10-31,sz.002027,5.8900,6.0400,5.8500,6.0000,5.8600,119107883,710234356.3300,1.710119,1,2.389076,0,6.509390
2018-11-01,sz.002027,6.0800,6.3400,6.0200,6.1700,6.0000,182308254,1125125356.6800,2.617533,1,2.833334,0,6.693823
2018-11-02,sz.002027,6.4800,6.7800,6.2700,6.7700,6.1700,218378869,1423074340.9000,3.135425,1,9.724472,0,7.344762
2018-11-05,sz.002027,6.6900,6.8900,6.4000,6.4900,6.7700,179426417,1178394852.8000,2.576156,1,-4.135897,0,7.040990
2018-11-06,sz.002027,6.4900,6.4900,6.1500,6.2800,6.4900,164683748,1032108028.0500,2.364485,1,-3.235741,0,6.813162
2018-11-07,sz.002027,6.3200,6.4500,6.2500,6.2900,6.2800,123510431,784815568.5100,1.773330,1,0.159232,0,6.824011
2018-11-08,sz.002027,6.4200,6.4500,6.0700,6.1400,6.2900,152801064,946342470.2100,2.193877,1,-2.384739,0,6.661276
2018-11-09,sz.002027,5.9100,5.9100,5.6200,5.7200,6.1400,318998576,1827869159.1500,4.580096,1,-6.840392,0,6.205619
2018-11-12,sz.002027,5.7100,5.8400,5.6600,5.8400,5.7200,201828187,1165656413.9100,2.897795,1,2.097908,0,6.335806
2018-11-13,sz.002027,5.7100,6.3600,5.6700,6.2500,5.8400,353709840,2148529681.8500,5.078471,1,7.020545,0,6.780615
2018-11-14,sz.002027,6.1800,6.3000,6.0700,6.1000,6.2500,197503006,1217341907.4300,2.835695,1,-2.400002,0,6.617880
2018-11-15,sz.002027,6.1400,6.1900,6.0800,6.1700,6.1000,133083274,817337400.8100,1.910774,1,1.147544,0,6.693823
2018-11-16,sz.002027,6.2100,6.3400,6.2000,6.2200,6.1700,167301612,1047832775.7600,2.402072,1,0.810368,0,6.748068
2018-11-19,sz.002027,6.2500,6.3400,6.1500,6.3100,6.2200,142400679,892763564.2700,2.044551,1,1.446948,0,6.845709
2018-11-20,sz.002027,6.2500,6.2500,5.9700,6.0000,6.3100,166282194,1012929778.0800,2.387435,1,-4.912836,0,6.509390
2018-11-21,sz.002027,5.8900,6.0600,5.8500,6.0100,6.0000,107856273,643229631.4600,1.548571,1,0.166670,0,6.520239
2018-11-22,sz.002027,6.0400,6.1500,5.9500,6.0700,6.0100,109846123,665660438.5700,1.577141,1,0.998335,0,6.585333
2018-11-23,sz.002027,6.0500,6.0700,5.8500,5.8600,6.0700,107088468,632692776.8700,1.537547,1,-3.459638,0,6.357504
2018-11-26,sz.002027,5.8700,5.9300,5.8000,5.8400,5.8600,66297495,388376844.9600,0.951882,1,-0.341297,0,6.335806
2018-11-27,sz.002027,5.8800,5.9100,5.6900,5.8000,5.8400,79291384,459885144.3600,1.138444,1,-0.684931,0,6.292410
2018-11-28,sz.002027,5.8000,5.9300,5.6500,5.9000,5.8000,115717933,673063456.2500,1.661447,1,1.724136,0,6.400900
2018-11-29,sz.002027,5.9600,5.9900,5.7300,5.7400,5.9000,89822454,525594455.6800,1.289647,1,-2.711870,0,6.227317
2018-11-30,sz.002027,5.7300,5.7800,5.6400,5.7500,5.7400,88976303,508100117.7900,1.277498,1,0.174220,0,6.238166
2018-12-03,sz.002027,5.9100,6.2500,5.8100,6.2400,5.7500,256801001,1549519915.0200,3.687080,1,8.521735,0,6.769766
2018-12-04,sz.002027,6.1800,6.1800,6.0700,6.1500,6.2400,138052325,845929506.5800,1.982118,1,-1.442303,0,6.672125
2018-12-05,sz.002027,6.0100,6.1300,5.9700,6.0900,6.1500,110937401,671704470.5500,1.592809,1,-0.975609,0,6.607031
2018-12-06,sz.002027,5.9800,6.0200,5.8300,5.8600,6.0900,129351646,763462467.9700,1.857196,1,-3.776683,0,6.357504
2018-12-07,sz.002027,5.8800,5.9500,5.8500,5.8800,5.8600,58111546,342145796.0800,0.834350,1,0.341297,0,6.379202
2018-12-10,sz.002027,5.7700,5.9500,5.7500,5.8900,5.8800,65978480,388151159.6300,0.947301,1,0.170064,0,6.390051
2018-12-11,sz.002027,5.8800,6.1900,5.8700,6.1200,5.8900,148879036,906634799.4700,2.137565,1,3.904924,0,6.639578
2018-12-12,sz.002027,6.1800,6.1800,6.0400,6.1200,6.1200,83556996,509890774.5000,1.199689,1,0.000000,0,6.639578
2018-12-13,sz.002027,6.1500,6.2400,6.0800,6.1500,6.1200,103283363,638472426.7900,1.482915,1,0.490200,0,6.672125
2018-12-14,sz.002027,6.1500,6.4000,6.0700,6.2400,6.1500,162370564,1016157896.6000,2.331273,1,1.463409,0,6.769766
2018-12-17,sz.002027,6.1900,6.3900,6.1600,6.3400,6.2400,128305888,809815483.6000,1.842181,1,1.602570,0,6.878256
2018-12-18,sz.002027,6.2200,6.2900,6.0300,6.1000,6.3400,127676408,783691144.2600,1.833144,1,-3.785493,0,6.617880
2018-12-19,sz.002027,6.1300,6.1800,5.9100,5.9700,6.1000,80080383,483657555.8100,1.149773,1,-2.131149,0,6.476843
2018-12-20,sz.002027,5.9200,6.0600,5.9200,5.9900,5.9700,63529795,380558105.9600,0.912144,1,0.335008,0,6.498541
2018-12-21,sz.002027,5.9600,5.9600,5.5800,5.7100,5.9900,195584934,1124726959.3200,2.808156,1,-4.674453,0,6.194770
2018-12-24,sz.002027,5.7000,5.7000,5.5500,5.6700,5.7100,84920650,478260764.6100,1.219268,1,-0.700525,0,6.151374
2018-12-25,sz.002027,5.6000,5.7800,5.5200,5.7200,5.6700,79141218,443838946.6900,1.136288,1,0.881829,0,6.205619
2018-12-26,sz.002027,5.7000,5.7600,5.6000,5.6100,5.7200,49533290,280674180.3500,0.711186,1,-1.923071,0,6.086280
2018-12-27,sz.002027,5.6900,5.7300,5.3200,5.3300,5.6100,162781824,888779469.6700,2.337178,1,-4.991091,0,5.782508
2018-12-28,sz.002027,5.3300,5.3800,5.1100,5.2400,5.3300,150775494,789363172.7500,2.164794,1,-1.688558,0,5.684867
2019-01-02,sz.002027,5.2600,5.4100,4.9900,5.0200,5.2400,227598645,1170674971.4900,1.550623,1,-4.198470,0,5.446190
2019-01-03,sz.002027,4.9700,5.1500,4.9700,5.1000,5.0200,206124112,1043350386.8200,1.404318,1,1.593624,0,5.532982
2019-01-04,sz.002027,5.0300,5.3800,5.0100,5.2500,5.1000,191068196,998021993.0800,1.301742,1,2.941178,0,5.695716
2019-01-07,sz.002027,5.3200,5.3900,5.2500,5.3000,5.2500,132393865,703057160.0600,0.901996,1,0.952385,0,5.749961
2019-01-08,sz.002027,5.3100,5.6700,5.2500,5.5600,5.3000,221678413,1221016103.2200,1.510289,1,4.905655,0,6.032035
2019-01-09,sz.002027,5.5100,5.7500,5.4400,5.5500,5.5600,191837346,1074101633.3200,1.306983,1,-0.179852,0,6.021186
2019-01-10,sz.002027,5.5300,5.7100,5.4900,5.6200,5.5500,128935494,727217981.9600,0.878434,1,1.261256,0,6.097129
2019-01-11,sz.002027,5.6200,5.6900,5.5600,5.5900,5.6200,92642914,520516212.5300,0.631174,1,-0.533803,0,6.064582
2019-01-14,sz.002027,5.5000,5.5200,5.2600,5.3700,5.5900,184854262,988919086.1200,1.259407,1,-3.935604,0,5.825904
2019-01-15,sz.002027,5.3700,5.5700,5.3000,5.5100,5.3700,135993900,743220315.6600,0.926523,1,2.607083,0,5.977790
2019-01-16,sz.002027,5.5500,5.7600,5.5200,5.6900,5.5100,229204550,1295877435.6800,1.561564,1,3.266785,0,6.173072
2019-01-17,sz.002027,5.6800,5.8100,5.6600,5.6800,5.6900,126291597,723997426.3800,0.860421,1,-0.175751,0,6.162223
2019-01-18,sz.002027,5.6300,5.7700,5.6100,5.7600,5.6800,115201430,658642900.6700,0.784864,1,1.408458,0,6.249014
2019-01-21,sz.002027,5.8200,5.9300,5.7400,5.8900,5.7600,120902674,709196818.5000,0.823707,1,2.256938,0,6.390051
2019-01-22,sz.002027,5.8900,5.9300,5.6700,5.7200,5.8900,117504694,681637191.3600,0.800556,1,-2.886249,0,6.205619
2019-01-23,sz.002027,5.7200,5.7700,5.5600,5.6100,5.7200,111203731,626793929.6400,0.757628,1,-1.923071,0,6.086280
2019-01-24,sz.002027,5.6500,5.7200,5.5700,5.6600,5.6100,79930627,451986360.9100,0.544565,1,0.891260,0,6.140525
2019-01-25,sz.002027,5.6100,5.9000,5.6000,5.7800,5.6600,138915471,803575531.3700,0.946427,1,2.120148,0,6.270712
2019-01-28,sz.002027,5.8500,5.8700,5.7200,5.7600,5.7800,109561185,635266552.3200,0.746437,1,-0.346020,0,6.249014
2019-01-29,sz.002027,5.7600,5.7700,5.5300,5.6600,5.7600,103159065,582118887.8500,0.702820,1,-1.736118,0,6.140525
2019-01-30,sz.002027,5.6300,5.7000,5.5900,5.6200,5.6600,69096093,389708930.9300,0.470750,1,-0.706713,0,6.097129
2019-01-31,sz.002027,5.6700,5.6700,5.3800,5.4400,5.6200,156109817,857726739.6400,1.063572,1,-3.202844,0,5.901847
2019-02-01,sz.002027,5.5100,5.6500,5.4400,5.6500,5.4400,137894515,763588503.2700,0.939472,1,3.860295,0,6.129676
2019-02-11,sz.002027,5.6400,6.2000,5.6100,6.2000,5.6500,205587791,1210628181.2000,1.400664,1,9.734509,0,6.726370
2019-02-12,sz.002027,6.1300,6.4400,6.0800,6.3500,6.2000,252962736,1595872653.8800,1.723428,1,2.419356,0,6.889105
2019-02-13,sz.002027,6.3000,6.5100,6.2600,6.4400,6.3500,224909620,1437418684.8200,1.532303,1,1.417325,0,6.986745
2019-02-14,sz.002027,6.4200,6.6500,6.3400,6.6500,6.4400,189071146,1230449296.3300,1.288137,1,3.260870,0,7.214574
2019-02-15,sz.002027,6.5800,6.5800,6.3200,6.3400,6.6500,272962160,1764039138.3100,1.859684,1,-4.661653,0,6.878256
2019-02-18,sz.002027,6.4000,6.6400,6.3600,6.6200,6.3400,205385361,1337182744.4600,1.399285,1,4.416399,0,7.182027
2019-02-19,sz.002027,6.6500,6.6900,6.3800,6.4500,6.6200,193031810,1254043677.5500,1.315120,1,-2.567977,0,6.997594
2019-02-20,sz.002027,6.4800,6.6500,6.4000,6.6100,6.4500,154860849,1009686982.2200,1.055063,1,2.480625,0,7.171178
2019-02-21,sz.002027,6.6200,7.1000,6.5400,6.8900,6.6100,264329219,1816680351.3700,1.800868,1,4.236002,0,7.474950
2019-02-22,sz.002027,6.8000,7.0400,6.7400,7.0000,6.8900,194309980,1338266791.5600,1.323829,1,1.596519,0,7.594288
2019-02-25,sz.002027,7.1300,7.3700,7.0600,7.2200,7.0000,332593936,2388321641.5800,2.265953,1,3.142854,0,7.832966
2019-02-26,sz.002027,7.2200,7.2300,7.0100,7.1300,7.2200,217902221,1552621581.0800,1.484562,1,-1.246533,0,7.735325
2019-02-27,sz.002027,7.0100,7.0600,6.8100,6.9100,7.1300,266933968,1848865220.7300,1.818614,1,-3.085558,0,7.496648
2019-02-28,sz.002027,6.8800,6.9000,6.6600,6.7400,6.9100,166276362,1131461455.0300,1.132836,1,-2.460204,0,7.312215
2019-03-01,sz.002027,6.7700,6.8800,6.6600,6.8800,6.7400,169309340,1144669514.1700,1.153500,1,2.077157,0,7.464101
2019-03-04,sz.002027,6.9700,7.1600,6.8400,6.9000,6.8800,325320912,2272379463.1000,2.216403,1,0.290697,0,7.485799
2019-03-05,sz.002027,6.8900,6.9900,6.7500,6.9900,6.9000,200892393,1375677123.0800,1.368674,1,1.304343,0,7.583439
2019-03-06,sz.002027,7.0600,7.1100,6.7800,6.9200,6.9900,320673680,2209998075.6900,2.184741,1,-1.001426,0,7.507497
2019-03-07,sz.002027,6.8800,6.8900,6.7500,6.8100,6.9200,238937635,1627624950.8900,1.627876,1,-1.589597,0,7.388158
2019-03-08,sz.002027,6.6800,6.7500,6.4500,6.4700,6.8100,271441824,1790357094.8800,1.849326,1,-4.992660,0,7.019292
2019-03-11,sz.002027,6.4700,6.6700,6.4700,6.6400,6.4700,186433300,1229340310.0400,1.270165,1,2.627513,0,7.203725
2019-03-12,sz.002027,6.6800,7.1800,6.6800,7.0000,6.6400,486976912,3385081286.1600,3.317760,1,5.421689,0,7.594288
2019-03-13,sz.002027,6.9500,6.9700,6.7000,6.7400,7.0000,264560422,1806242201.7800,1.802443,1,-3.714289,0,7.312215
2019-03-14,sz.002027,6.7000,6.7700,6.5500,6.7300,6.7400,161459202,1074146492.1500,1.100017,1,-0.148364,0,7.301366
2019-03-15,sz.002027,6.7600,6.8600,6.6800,6.7600,6.7300,150399901,1020251457.2800,1.024670,1,0.445768,0,7.333913
2019-03-18,sz.002027,6.8000,7.0200,6.6800,6.9900,6.7600,301210832,2073113535.6100,2.052141,1,3.402360,0,7.583439
2019-03-19,sz.002027,6.9700,7.0000,6.7800,6.8100,6.9900,256514105,1760069494.4000,1.747624,1,-2.575105,0,7.388158
2019-03-20,sz.002027,6.8200,7.1000,6.7300,7.0900,6.8100,389485952,2704936196.5600,2.653557,1,4.111604,0,7.691929
2019-03-21,sz.002027,7.0400,7.1500,6.9400,7.0300,7.0900,340465984,2398030467.6800,2.319586,1,-0.846261,0,7.626835
2019-03-22,sz.002027,7.0500,7.0500,6.8100,6.9400,7.0300,207935939,1437934915.2500,1.416662,1,-1.280230,0,7.529195
2019-03-25,sz.002027,6.7900,6.7900,6.6000,6.6100,6.9400,332071952,2222324264.6000,2.262397,1,-4.755042,0,7.171178
2019-03-26,sz.002027,6.6500,6.6800,6.4700,6.5000,6.6100,188215314,1233185636.5200,1.282306,1,-1.664147,0,7.051839
2019-03-27,sz.002027,6.5000,6.5500,6.2800,6.3800,6.5000,290465920,1858929621.4700,1.978936,1,-1.846152,0,6.921651
2019-03-28,sz.002027,6.3500,6.3600,6.2000,6.3100,6.3800,186625076,1174187325.5600,1.271472,1,-1.097181,0,6.845709
2019-03-29,sz.002027,5.9200,6.3500,5.9100,6.2700,6.3100,467691600,2871707491.3800,3.186370,1,-0.633914,0,6.802313
2019-04-01,sz.002027,6.2800,6.6800,6.2600,6.6400,6.2700,399556960,2612715759.9900,2.722171,1,5.901114,0,7.203725
2019-04-02,sz.002027,6.6600,6.8000,6.5400,6.6000,6.6400,235260068,1561863879.6900,1.602820,1,-0.602409,0,7.160329
2019-04-03,sz.002027,6.6000,6.7700,6.5000,6.6900,6.6000,191608809,1275218901.8200,1.305426,1,1.363639,0,7.257970
2019-04-04,sz.002027,6.7300,7.2800,6.6700,7.0900,6.6900,522396992,3644898787.5500,3.559077,1,5.979074,0,7.691929
2019-04-08,sz.002027,7.1200,7.3000,7.0100,7.2100,7.0900,420168400,3009408222.0800,2.862596,1,1.692523,0,7.822117
2019-04-09,sz.002027,7.2500,7.4900,7.1000,7.1900,7.2100,323516528,2354646297.5600,2.204109,1,-0.277392,0,7.800419
2019-04-10,sz.002027,7.2100,7.3400,7.0700,7.2700,7.1900,231851606,1670633119.9100,1.579599,1,1.112655,0,7.887211
2019-04-11,sz.002027,7.2500,7.2800,6.8200,6.9800,7.2700,293230144,2062633433.6600,1.997769,1,-3.988995,0,7.572590
2019-04-12,sz.002027,6.9500,7.0600,6.8900,7.0000,6.9800,184354440,1284598962.3100,1.256002,1,0.286533,0,7.594288
2019-04-15,sz.002027,7.1100,7.1200,6.7900,6.8000,7.0000,230518155,1604400951.5300,1.570514,1,-2.857140,0,7.377309
2019-04-16,sz.002027,6.7000,6.9200,6.6600,6.9200,6.8000,170606946,1158287757.4000,1.162340,1,1.764704,0,7.507497
2019-04-17,sz.002027,6.9200,6.9600,6.8200,6.8500,6.9200,113839274,783582017.0600,0.775584,1,-1.011563,0,7.431554
2019-04-18,sz.002027,6.8400,6.8700,6.7000,6.7600,6.8500,112935425,764438338.5200,0.769426,1,-1.313864,0,7.333913
2019-04-19,sz.002027,6.7800,6.9700,6.7300,6.9400,6.7600,152382583,1043950161.4900,1.038178,1,2.662719,0,7.529195
2019-04-22,sz.002027,6.9600,7.1300,6.8400,6.8500,6.9400,207775292,1451650070.3700,1.415567,1,-1.296832,0,7.431554
2019-04-23,sz.002027,6.8200,7.2400,6.7700,7.1100,6.8500,330441184,2327279954.9300,2.251287,1,3.795624,0,7.713627
2019-04-24,sz.002027,7.0800,7.1200,6.9100,7.0300,7.1100,172743486,1209762266.0700,1.176897,1,-1.125175,0,7.626835
2019-04-25,sz.002027,6.8000,6.8800,6.4800,6.5400,7.0300,406235968,2715519304.9500,2.767675,1,-6.970131,0,6.809816
2019-04-26,sz.002027,6.3700,6.3900,6.1400,6.1700,6.5400,346100096,2165894976.8400,2.357971,1,-5.657491,0,6.424551
2019-04-29,sz.002027,6.1900,6.3000,6.0900,6.1600,6.1700,174433766,1080768350.3600,1.188413,1,-0.162078,0,6.414138
2019-04-30,sz.002027,6.1500,6.2700,6.0700,6.1000,6.1600,147820373,913163186.0700,1.007096,1,-0.974025,0,6.351663
2019-05-06,sz.002027,5.8100,5.9700,5.7200,5.9000,6.1000,241003133,1407891165.2800,1.641948,1,-3.278685,0,6.143412
2019-05-07,sz.002027,5.8900,6.0400,5.8400,5.9400,5.9000,138858308,825699553.7500,0.946038,1,0.677965,0,6.185062
2019-05-08,sz.002027,5.8000,5.9800,5.7600,5.8600,5.9400,117179277,690764015.7600,0.798339,1,-1.346800,0,6.101761
2019-05-09,sz.002027,5.8000,5.8800,5.6900,5.7100,5.8600,97691100,565003340.3900,0.665567,1,-2.559729,0,5.945573
2019-05-10,sz.002027,5.7500,5.9200,5.6400,5.9000,5.7100,133927785,777957543.2200,0.912446,1,3.327497,0,6.143412
2019-05-13,sz.002027,5.8000,5.8400,5.7200,5.7600,5.9000,81470537,471144759.1500,0.555057,1,-2.372879,0,5.997636
2019-05-14,sz.002027,5.6800,5.7600,5.6400,5.6700,5.7600,93403306,531187202.1600,0.636354,1,-1.562503,0,5.903923
2019-05-15,sz.002027,5.7000,5.7600,5.6600,5.7300,5.6700,87614076,500736598.7000,0.596912,1,1.058200,0,5.966398
2019-05-16,sz.002027,5.7200,5.7300,5.6600,5.7000,5.7300,67405569,383821017.8700,0.459232,1,-0.523564,0,5.935160
2019-05-17,sz.002027,5.7600,5.9300,5.6700,5.7000,5.7000,154174192,891417683.3400,1.050385,1,0.000000,0,5.935160
2019-05-20,sz.002027,5.7000,5.7200,5.3600,5.5200,5.7000,116815312,640664387.0200,0.795860,1,-3.157892,0,5.747734
2019-05-21,sz.002027,5.5300,5.6100,5.4600,5.5800,5.5200,81080894,450970259.4300,0.552402,1,1.086956,0,5.810210
2019-05-22,sz.002027,5.5600,5.6000,5.4800,5.5600,5.5800,55763896,309069495.2700,0.379918,1,-0.358423,0,5.789385
2019-05-23,sz.002027,5.5300,5.5500,5.2900,5.3200,5.5600,126400445,681738249.3200,0.861163,1,-4.316543,0,5.539483
2019-05-24,sz.002027,5.3300,5.3500,5.1600,5.2200,5.3200,103251583,542072588.9700,0.703450,1,-1.879706,0,5.435357
2019-05-27,sz.002027,5.2200,5.2700,5.1000,5.2500,5.2200,114708469,596105149.1600,0.781506,1,0.574717,0,5.466595
2019-05-28,sz.002027,5.2500,5.4100,5.2300,5.4100,5.2500,113750935,606118437.0800,0.774982,1,3.047616,0,5.633196
2019-05-29,sz.002027,5.3500,5.4800,5.3200,5.4100,5.4100,83541203,451501602.1600,0.569164,1,0.000000,0,5.633196
2019-05-30,sz.002027,5.3800,5.5900,5.3200,5.5600,5.4100,130557639,715754292.7700,0.889486,1,2.772645,0,5.789385
2019-05-31,sz.002027,5.5500,5.6700,5.5200,5.5600,5.5600,89487784,500605784.6700,0.609678,1,0.000000,0,5.789385
2019-06-03,sz.002027,5.5500,5.5900,5.4000,5.4300,5.5600,101164748,552429765.5400,0.689233,1,-2.338131,0,5.654021
2019-06-04,sz.002027,5.4500,5.4900,5.3300,5.4700,5.4300,69781290,376548406.4400,0.475418,1,0.736648,0,5.695671
2019-06-05,sz.002027,5.4700,5.5200,5.4100,5.4400,5.4700,52663066,287821153.3700,0.358792,1,-0.548441,0,5.664434
2019-06-06,sz.002027,5.4300,5.4600,5.2500,5.2900,5.4400,71714796,380758627.1900,0.488591,1,-2.757355,0,5.508245
2019-06-10,sz.002027,5.2900,5.3600,5.2600,5.3000,5.2900,48341888,257009341.8000,0.329352,1,0.189040,0,5.518658
2019-06-11,sz.002027,5.3000,5.5400,5.2800,5.5000,5.3000,92678258,504875365.0600,0.631414,1,3.773581,0,5.726909
2019-06-12,sz.002027,5.4800,5.5300,5.4500,5.4800,5.5000,65039158,356910090.6000,0.443110,1,-0.363636,0,5.706084
2019-06-13,sz.002027,5.5000,5.5600,5.4200,5.4900,5.4800,73449077,403294861.5300,0.500407,1,0.182477,0,5.716497
2019-06-14,sz.002027,5.5000,5.5200,5.4000,5.4300,5.4900,82277312,449365041.3900,0.560553,1,-1.092895,0,5.654021
2019-06-17,sz.002027,5.4000,5.4500,5.3600,5.4100,5.4300,36351961,196654643.6200,0.247665,1,-0.368324,0,5.633196
2019-06-18,sz.002027,5.4000,5.4200,5.3100,5.3800,5.4100,56730918,303920176.6600,0.386506,1,-0.554524,0,5.601958
2019-06-19,sz.002027,5.5000,5.5400,5.4300,5.4400,5.3800,73606305,403500862.2300,0.501478,1,1.115241,0,5.664434
2019-06-20,sz.002027,5.4300,5.5700,5.4000,5.5300,5.4400,107280732,590428155.8700,0.730901,1,1.654414,0,5.758147
2019-06-21,sz.002027,5.5300,5.7000,5.5200,5.6900,5.5300,125856339,708084520.6800,0.857456,1,2.893306,0,5.924748
2019-06-24,sz.002027,5.6500,5.6700,5.5600,5.6000,5.6900,63870474,357619437.8500,0.435148,1,-1.581725,0,5.831035
2019-06-25,sz.002027,5.6000,5.6000,5.3900,5.4300,5.6000,86368849,470703954.5600,0.588429,1,-3.035716,0,5.654021
2019-06-26,sz.002027,5.3800,5.4300,5.3400,5.4200,5.4300,47525867,256604748.2900,0.323792,1,-0.184158,0,5.643609
2019-06-27,sz.002027,5.4300,5.4800,5.3800,5.3900,5.4200,89234474,483554505.8800,0.607952,1,-0.553509,0,5.612371
2019-06-28,sz.002027,5.3900,5.3900,5.2800,5.2900,5.3900,69023270,367006624.0800,0.470254,1,-1.855286,0,5.508245
2019-07-01,sz.002027,5.3900,5.5100,5.3600,5.4600,5.2900,110883613,604044262.6500,0.755447,1,3.213612,0,5.685259
2019-07-02,sz.002027,5.4900,5.4900,5.4000,5.4300,5.4600,91755904,498078280.9300,0.625130,1,-0.549454,0,5.654021
2019-07-03,sz.002027,5.4300,5.4300,5.3400,5.3900,5.4300,69308565,373119402.1300,0.472197,1,-0.736648,0,5.612371
2019-07-04,sz.002027,5.3900,5.4000,5.3500,5.3500,5.3900,40481926,217616036.2000,0.275802,1,-0.742114,0,5.570721
2019-07-05,sz.002027,5.3500,5.3800,5.3200,5.3400,5.3500,45055844,240599098.3200,0.306964,1,-0.186911,0,5.560308
2019-07-08,sz.002027,5.3200,5.3300,5.2000,5.2100,5.3400,72740043,380845386.1600,0.495576,1,-2.434459,0,5.424945
2019-07-09,sz.002027,5.1900,5.2400,5.1600,5.2400,5.2100,39785246,206783602.3400,0.271056,1,0.575811,0,5.456183
2019-07-10,sz.002027,5.2200,5.2500,5.1600,5.1700,5.2400,41868492,217295911.7300,0.285249,1,-1.335872,0,5.383295
2019-07-11,sz.002027,5.2000,5.2200,5.1600,5.1800,5.1700,39750917,206328099.0300,0.270822,1,0.193419,0,5.393707
2019-07-12,sz.002027,5.1800,5.2000,5.1500,5.1700,5.1800,35232498,182244343.1900,0.240038,1,-0.193045,0,5.383295
2019-07-15,sz.002027,5.1600,5.2300,5.1000,5.2100,5.1700,51799421,267482064.0300,0.352908,1,0.773694,0,5.424945
2019-07-16,sz.002027,5.1900,5.2300,5.1500,5.2000,5.2100,34583776,179501765.2000,0.235618,1,-0.191943,0,5.414532
2019-07-17,sz.002027,5.2000,5.3000,5.1700,5.2800,5.2000,63751520,334098393.4600,0.434337,1,1.538469,0,5.497833
2019-07-18,sz.002027,5.2500,5.2500,5.1200,5.1300,5.2800,55826653,289037900.9900,0.380345,1,-2.840911,0,5.341644
2019-07-19,sz.002027,5.0700,5.1100,4.9200,4.9200,5.0300,119995307,600863869.8800,0.817525,1,-2.186881,0,5.122981
2019-07-22,sz.002027,4.9300,4.9400,4.7100,4.7500,4.9200,127480565,608626614.0400,0.868522,1,-3.455286,0,4.945967
2019-07-23,sz.002027,4.7300,4.8000,4.7200,4.8000,4.7500,54894588,261610818.6300,0.373995,1,1.052636,0,4.998030
2019-07-24,sz.002027,4.8100,4.9100,4.8000,4.8300,4.8000,60999349,295996838.7800,0.415587,1,0.624994,0,5.029267
2019-07-25,sz.002027,4.8300,4.8600,4.7500,4.8100,4.8300,63210551,302839670.8200,0.430652,1,-0.414078,0,5.008442
2019-07-26,sz.002027,4.8100,4.8900,4.7800,4.8400,4.8100,62622822,303451653.3700,0.426600,1,0.623700,0,5.039680
2019-07-29,sz.002027,4.8100,4.8900,4.8100,4.8400,4.8400,59335156,286854809.9700,0.404249,1,0.000000,0,5.039680
2019-07-30,sz.002027,4.7300,5.2800,4.7200,5.2100,4.8400,307675696,1570940819.4800,2.096200,1,7.644600,0,5.424945
2019-07-31,sz.002027,5.1700,5.1700,5.0500,5.0600,5.2100,130575094,666107594.8800,0.889600,1,-2.879100,0,5.268756
2019-08-01,sz.002027,5.0400,5.0800,4.9700,5.0500,5.0600,101021337,508130747.8800,0.688300,1,-0.197600,0,5.258344
2019-08-02,sz.002027,4.9200,5.0100,4.9100,4.9800,5.0500,83386679,414042848.8800,0.568100,1,-1.386100,0,5.185456
2019-08-05,sz.002027,4.9700,4.9700,4.8500,4.8600,4.9800,82601959,405129964.4200,0.562800,1,-2.409600,0,5.060505
2019-08-06,sz.002027,4.7700,4.8600,4.7400,4.8500,4.8600,88856358,426804518.6400,0.605400,1,-0.205800,0,5.050093
2019-08-07,sz.002027,4.8700,4.9400,4.8500,4.8500,4.8500,53016390,259772048.9500,0.361200,1,0.000000,0,5.050093
2019-08-08,sz.002027,4.9000,5.0500,4.8700,5.0000,4.8500,67816876,336949867.4200,0.462000,1,3.092800,0,5.206281
2019-08-09,sz.002027,4.9500,5.1400,4.9300,5.0700,5.0000,107881330,547401094.6800,0.735000,1,1.400000,0,5.279169
2019-08-12,sz.002027,5.0400,5.1100,5.0000,5.0900,5.0700,53801791,272028443.5500,0.366600,1,0.394500,0,5.299994
2019-08-13,sz.002027,5.0500,5.0500,4.9200,4.9300,5.0900,46465350,231139448.0900,0.316600,1,-3.143400,0,5.133393
2019-08-14,sz.002027,5.0000,5.0300,4.8300,4.8700,4.9300,72728902,356437879.0500,0.495500,1,-1.217000,0,5.070918
2019-08-15,sz.002027,4.7900,4.9000,4.7700,4.9000,4.8700,45961143,221877587.3800,0.313100,1,0.616000,0,5.102155
2019-08-16,sz.002027,4.9000,4.9500,4.8500,4.8800,4.9000,50263514,246878215.8100,0.342400,1,-0.408200,0,5.081330
2019-08-19,sz.002027,4.9100,5.0300,4.8600,5.0200,4.8800,83748559,415267000.7200,0.570600,1,2.868800,0,5.227106
2019-08-20,sz.002027,5.0300,5.1700,5.0100,5.0800,5.0200,121783948,620614091.7700,0.829700,1,1.195200,0,5.289582
2019-08-21,sz.002027,5.0400,5.1100,4.9600,4.9900,5.0800,77080103,388080203.0100,0.525100,1,-1.771700,0,5.195868
2019-08-22,sz.002027,5.0400,5.2300,5.0200,5.1800,4.9900,181345155,935779620.1100,1.235500,1,3.807600,0,5.939720
2019-08-23,sz.002027,5.1800,5.2500,5.0900,5.1300,5.1800,136753598,707616093.4900,0.931700,1,-0.965200,0,5.882387
2019-08-26,sz.002027,5.0600,5.0900,4.9800,5.0300,5.1300,85181614,428137180.1200,0.580300,1,-1.949300,0,5.767720
2019-08-27,sz.002027,5.0500,5.2200,5.0400,5.1800,5.0300,153564870,793254561.7600,1.046200,1,2.982100,0,5.939720
2019-08-28,sz.002027,5.1500,5.3000,5.1400,5.2700,5.1800,147280943,768843109.4400,1.003400,1,1.737500,0,6.042920
2019-08-29,sz.002027,5.2700,5.5600,5.2300,5.4600,5.2700,216921171,1181560024.7900,1.477900,1,3.605300,0,6.260786
2019-08-30,sz.002027,5.4700,5.5400,5.3200,5.3700,5.4600,104578962,566301379.5300,0.712500,1,-1.648400,0,6.157586
2019-09-02,sz.002027,5.4000,5.6600,5.4000,5.5600,5.3700,128010130,711766247.4300,0.872100,1,3.538200,0,6.375452
2019-09-03,sz.002027,5.5500,5.5800,5.4700,5.5800,5.5600,76456979,422181508.7200,0.520900,1,0.359700,0,6.398385
2019-09-04,sz.002027,5.5400,5.5600,5.4600,5.5400,5.5800,79659358,438636397.5200,0.542700,1,-0.716800,0,6.352519
2019-09-05,sz.002027,5.5400,5.5800,5.4200,5.4600,5.5400,117742301,647519740.2900,0.802200,1,-1.444000,0,6.260786
2019-09-06,sz.002027,5.4600,5.5400,5.4300,5.5000,5.4600,74476732,409221282.2700,0.507400,1,0.732600,0,6.306652
2019-09-09,sz.002027,5.5600,5.8000,5.5100,5.7200,5.5000,150923350,860797825.1400,1.028200,1,4.000000,0,6.558918
2019-09-10,sz.002027,5.7400,5.8200,5.6500,5.7400,5.7200,82847982,474162647.8200,0.564400,1,0.349700,0,6.581852
2019-09-11,sz.002027,5.7500,5.7800,5.6200,5.6600,5.7400,68115195,386507702.5600,0.464100,1,-1.393700,0,6.490119
2019-09-12,sz.002027,5.6600,5.6800,5.4600,5.6600,5.6600,87361234,488047861.9500,0.595200,1,0.000000,0,6.490119
2019-09-16,sz.002027,5.6500,5.6600,5.5200,5.5500,5.6600,71688087,400215255.9200,0.488400,1,-1.943500,0,6.363986
2019-09-17,sz.002027,5.5300,5.5900,5.4400,5.4800,5.5500,65624793,361795091.9200,0.447100,1,-1.261300,0,6.283719
2019-09-18,sz.002027,5.4600,5.5900,5.4400,5.4900,5.4800,77788209,429275933.2200,0.530000,1,0.182500,0,6.295186
2019-09-19,sz.002027,5.5000,5.5200,5.4200,5.4600,5.4900,53470925,291822424.2900,0.364300,1,-0.546400,0,6.260786
2019-09-20,sz.002027,5.4700,5.5400,5.4000,5.4300,5.4600,85746926,467378342.2500,0.584200,1,-0.549500,0,6.226386
2019-09-23,sz.002027,5.4100,5.4200,5.3100,5.3500,5.4300,54945544,293608984.6800,0.374300,1,-1.473300,0,6.134653
2019-09-24,sz.002027,5.3700,5.4000,5.3100,5.3500,5.3500,52568526,281548867.2000,0.358100,1,0.000000,0,6.134653
2019-09-25,sz.002027,5.3400,5.4800,5.3200,5.4200,5.3500,73860014,401621818.8200,0.503200,1,1.308400,0,6.214919
2019-09-26,sz.002027,5.4400,5.5400,5.3900,5.4400,5.4200,79127549,433079429.7300,0.539100,1,0.369000,0,6.237853
2019-09-27,sz.002027,5.4200,5.4700,5.2900,5.3400,5.4400,73100800,391711794.7000,0.498000,1,-1.838200,0,6.123186
2019-09-30,sz.002027,5.3200,5.3800,5.2500,5.2500,5.3400,66871166,354950800.0200,0.455600,1,-1.685400,0,6.019986
2019-10-08,sz.002027,5.2600,5.3300,5.1800,5.1900,5.2500,49472018,259710351.6100,0.337100,1,-1.142900,0,5.951186
2019-10-09,sz.002027,5.1800,5.1800,5.1000,5.1300,5.1900,40368394,206742190.3400,0.275000,1,-1.156100,0,5.882387
2019-10-10,sz.002027,5.1300,5.1800,5.0900,5.1500,5.1300,46989795,241075268.0200,0.320100,1,0.389900,0,5.905320
2019-10-11,sz.002027,5.1400,5.1900,5.1000,5.1600,5.1500,46581055,239290426.0100,0.317400,1,0.194200,0,5.916787
2019-10-14,sz.002027,5.2400,5.5300,5.2400,5.4500,5.1600,144847238,785698194.7700,0.986800,1,5.620200,0,6.249319
2019-10-15,sz.002027,5.4500,5.4700,5.2900,5.3100,5.4500,86610950,462487239.5100,0.590100,1,-2.568800,0,6.088786
2019-10-16,sz.002027,5.3600,5.5800,5.2800,5.5300,5.3100,144655063,792865101.3800,0.985500,1,4.143100,0,6.341052
2019-10-17,sz.002027,5.5600,5.7300,5.5500,5.6500,5.5300,130007658,734694807.4500,0.885700,1,2.170000,0,6.478652
2019-10-18,sz.002027,5.7200,5.7500,5.6000,5.6200,5.6500,95547474,540583768.4100,0.651000,1,-0.531000,0,6.444252
2019-10-21,sz.002027,5.6500,5.6900,5.5000,5.6300,5.6200,99494903,556684538.1700,0.677900,1,0.177900,0,6.455719
2019-10-22,sz.002027,5.6600,5.7000,5.5500,5.6000,5.6300,61193014,343870074.4800,0.416900,1,-0.532900,0,6.421319
2019-10-23,sz.002027,5.5800,5.6500,5.4600,5.4900,5.6000,74488187,411489195.7400,0.507500,1,-1.964300,0,6.295186
2019-10-24,sz.002027,5.4900,5.7800,5.4900,5.6500,5.4900,132649045,752963740.3400,0.903700,1,2.914400,0,6.478652
2019-10-25,sz.002027,5.6300,5.7500,5.6300,5.6500,5.6500,84988083,482041891.8700,0.579000,1,0.000000,0,6.478652
2019-10-28,sz.002027,5.6700,5.7000,5.6000,5.6400,5.6500,75805502,426705791.2500,0.516500,1,-0.177000,0,6.467185
2019-10-29,sz.002027,5.6500,6.0000,5.6200,5.8900,5.6400,186932186,1095811981.8000,1.273600,1,4.432600,0,6.753851
2019-10-30,sz.002027,5.8600,6.0900,5.8100,6.0500,5.8900,184723141,1103649761.0900,1.258500,1,2.716500,0,6.937318
2019-10-31,sz.002027,5.9500,6.0400,5.8200,6.0000,6.0500,149887019,892047110.2800,1.021200,1,-0.826400,0,6.537323
2019-11-01,sz.002027,5.9500,6.2300,5.9400,6.1600,6.0000,176362459,1084431270.9100,1.201600,1,2.666700,0,6.711651
2019-11-04,sz.002027,6.1800,6.3900,6.1400,6.2000,6.1600,145523451,910543699.1600,0.991400,1,0.649400,0,6.755233
2019-11-05,sz.002027,6.2400,6.2800,6.1400,6.1600,6.2000,100268973,620399174.1500,0.683100,1,-0.645200,0,6.711651
2019-11-06,sz.002027,6.1700,6.1900,6.0400,6.1400,6.1600,94283611,575231806.3700,0.642400,1,-0.324700,0,6.689860
2019-11-07,sz.002027,6.1100,6.1300,6.0500,6.0800,6.1400,69064425,419930093.4300,0.470500,1,-0.977200,0,6.624487
2019-11-08,sz.002027,6.1300,6.2300,5.9700,5.9800,6.0800,91026113,550021759.4900,0.620200,1,-1.644700,0,6.515531
2019-11-11,sz.002027,5.9500,6.0600,5.8600,5.9000,5.9800,71410461,424482327.9200,0.486500,1,-1.337800,0,6.428367
2019-11-12,sz.002027,5.9000,5.9400,5.8600,5.9000,5.9000,49348569,291216256.7900,0.336200,1,0.000000,0,6.428367
2019-11-13,sz.002027,5.9200,5.9800,5.8600,5.9000,5.9000,50292589,296961240.6800,0.342600,1,0.000000,0,6.428367
2019-11-14,sz.002027,5.8900,5.9300,5.7200,5.7800,5.9000,93424708,541056337.7300,0.636500,1,-2.033900,0,6.297621
2019-11-15,sz.002027,5.7900,5.9100,5.7400,5.8400,5.7800,75437258,439016896.7000,0.514000,1,1.038100,0,6.362994
2019-11-18,sz.002027,5.8200,5.9300,5.7800,5.8800,5.8400,64775602,379568259.0600,0.441300,1,0.684900,0,6.406576
2019-11-19,sz.002027,5.8800,6.1300,5.8700,6.0800,5.8800,94697742,572386438.7600,0.645200,1,3.401400,0,6.624487
2019-11-20,sz.002027,6.0600,6.1100,5.9400,5.9600,6.0800,53164176,319050811.0200,0.362200,1,-1.973700,0,6.493740
2019-11-21,sz.002027,5.9100,5.9400,5.7800,5.9200,5.9600,58803964,344653676.4500,0.400600,1,-0.671100,0,6.450158
2019-11-22,sz.002027,5.8900,5.9800,5.7600,5.8400,5.9200,68296728,401207735.6200,0.465300,1,-1.351400,0,6.362994
2019-11-25,sz.002027,5.8300,5.8900,5.7700,5.8800,5.8400,48813659,285697714.6000,0.332600,1,0.684900,0,6.406576
2019-11-26,sz.002027,5.8900,6.0300,5.8200,5.8200,5.8800,69898900,412879895.4800,0.476200,1,-1.020400,0,6.341203
2019-11-27,sz.002027,5.8200,5.8400,5.6500,5.7200,5.8200,70751839,404019641.0300,0.482000,1,-1.718200,0,6.232247
2019-11-28,sz.002027,5.7100,5.7300,5.5700,5.6000,5.7200,83526839,469223006.2400,0.569100,1,-2.097900,0,6.101501
2019-11-29,sz.002027,5.6000,5.6500,5.5700,5.6000,5.6000,45907224,257329636.3000,0.312800,1,0.000000,0,6.101501
2019-12-02,sz.002027,5.6100,5.8100,5.5800,5.7800,5.6000,99436728,571230063.7600,0.677500,1,3.214300,0,6.297621
2019-12-03,sz.002027,5.7700,5.8300,5.6900,5.7800,5.7800,62880657,361424679.9600,0.428400,1,0.000000,0,6.297621
2019-12-04,sz.002027,5.7800,5.7900,5.6600,5.7500,5.7800,56477131,323075054.4100,0.384800,1,-0.519000,0,6.264934
2019-12-05,sz.002027,5.7500,5.8200,5.6900,5.7500,5.7500,73562018,421762565.4500,0.501200,1,0.000000,0,6.264934
2019-12-06,sz.002027,5.7400,5.7500,5.6200,5.6400,5.7500,99342449,561877465.9700,0.676800,1,-1.913000,0,6.145083
2019-12-09,sz.002027,5.6500,5.7200,5.6000,5.6100,5.6400,69932347,394983293.8900,0.476400,1,-0.531900,0,6.112397
2019-12-10,sz.002027,5.6000,5.6400,5.5200,5.6000,5.6100,61814180,345474678.5000,0.421100,1,-0.178300,0,6.101501
2019-12-11,sz.002027,5.6000,5.7300,5.5900,5.6000,5.6000,76876290,434504015.0200,0.523800,1,0.000000,0,6.101501
2019-12-12,sz.002027,5.5800,5.6100,5.4700,5.5300,5.6000,77635934,428831865.3900,0.528900,1,-1.250000,0,6.025232
2019-12-13,sz.002027,5.6000,5.8300,5.5400,5.8000,5.5300,163615070,932319892.9300,1.114700,1,4.882500,0,6.319412
2019-12-16,sz.002027,5.7900,5.9300,5.7700,5.8600,5.8000,107779068,632019801.3200,0.734300,1,1.034500,0,6.384785
2019-12-17,sz.002027,5.8600,5.9600,5.8300,5.8600,5.8600,104471448,615912011.0300,0.711800,1,0.000000,0,6.384785
2019-12-18,sz.002027,5.8800,6.3500,5.8700,6.2400,5.8600,278218832,1722343499.8600,1.895500,1,6.484600,0,6.798815
2019-12-19,sz.002027,6.2200,6.3400,6.1800,6.2300,6.2400,169889579,1063636958.0700,1.157500,1,-0.160300,0,6.787920
2019-12-20,sz.002027,6.2000,6.4500,6.2000,6.2900,6.2300,178627766,1127543202.5400,1.217000,1,0.963100,0,6.853293
2019-12-23,sz.002027,6.2700,6.2900,6.0800,6.0800,6.2900,86885347,536460527.3000,0.591900,1,-3.338600,0,6.624487
2019-12-24,sz.002027,6.1400,6.4000,6.1300,6.3300,6.0800,120686914,760499723.1400,0.822200,1,4.111800,0,6.896875
2019-12-25,sz.002027,6.3200,6.5500,6.3000,6.4200,6.3300,147829229,946701469.5700,1.007200,1,1.421800,0,6.994935
2019-12-26,sz.002027,6.4300,6.5200,6.2500,6.3600,6.4200,122074085,779778730.2300,0.831700,1,-0.934600,0,6.929562
2019-12-27,sz.002027,6.4100,6.4400,6.1700,6.2400,6.3600,105159679,660527963.2000,0.716500,1,-1.886800,0,6.798815
2019-12-30,sz.002027,6.1800,6.3900,6.1800,6.3000,6.2400,179122192,1132356178.1500,1.220400,1,0.961500,0,6.864189
2019-12-31,sz.002027,6.2800,6.3200,6.1600,6.2600,6.3000,118898571,737528503.8600,0.810100,1,-0.634900,0,6.820606
2020-01-02,sz.002027,6.3500,6.6800,6.3000,6.5300,6.2600,230065896,1502594946.6400,1.567400,1,4.313100,0,7.114786
2020-01-03,sz.002027,6.5500,6.8200,6.5300,6.6100,6.5300,245239816,1635539182.9100,1.670800,1,1.225100,0,7.201950
2020-01-06,sz.002027,6.5900,6.7400,6.4700,6.6000,6.6100,176191067,1165664139.1300,1.200400,1,-0.151300,0,7.191055
2020-01-07,sz.002027,6.5800,6.7300,6.5500,6.6100,6.6000,111114261,737995582.7700,0.757000,1,0.151500,0,7.201950
2020-01-08,sz.002027,6.5600,6.7500,6.4800,6.5900,6.6100,169312178,1119046253.7100,1.153500,1,-0.302600,0,7.180159
2020-01-09,sz.002027,6.7100,6.9900,6.7000,6.9200,6.5900,268409409,1842882856.0800,1.828700,1,5.007600,0,7.539712
2020-01-10,sz.002027,6.9800,7.0200,6.7700,6.9600,6.9200,166853324,1153340829.4500,1.136800,1,0.578000,0,7.583294
2020-01-13,sz.002027,6.9000,6.9800,6.8000,6.8700,6.9600,116449208,798752902.4100,0.793400,1,-1.293100,0,7.485234
2020-01-14,sz.002027,6.8900,6.9700,6.8100,6.8400,6.8700,70345216,484405755.3800,0.479300,1,-0.436700,0,7.452548
2020-01-15,sz.002027,6.8000,6.8500,6.5800,6.7300,6.8400,129705806,865361708.6900,0.883700,1,-1.608200,0,7.332697
2020-01-16,sz.002027,6.6900,6.7600,6.5400,6.5900,6.7300,120267352,795389113.8100,0.819400,1,-2.080200,0,7.180159
2020-01-17,sz.002027,6.6100,6.7000,6.4500,6.5500,6.5900,110765892,727471873.9300,0.754600,1,-0.607000,0,7.136577
2020-01-20,sz.002027,6.5800,6.5800,6.3800,6.4700,6.5500,106635659,688968496.1400,0.726500,1,-1.221400,0,7.049413
2020-01-21,sz.002027,6.4000,6.5500,6.2300,6.2700,6.4700,232902943,1485310360.4700,1.586800,1,-3.091200,0,6.831502
2020-01-22,sz.002027,6.2400,6.3400,6.1500,6.2900,6.2700,181661776,1132800639.0000,1.237700,1,0.319000,0,6.853293
2020-01-23,sz.002027,6.2100,6.2100,5.8000,5.8800,6.2900,276947712,1651877169.1000,1.886800,1,-6.518300,0,6.406576
2020-02-03,sz.002027,5.2900,5.3500,5.2900,5.2900,5.8800,267923762,1418278142.2000,1.825400,1,-10.034000,0,5.763739
2020-02-04,sz.002027,5.1600,5.3900,5.0300,5.1500,5.2900,535990080,2773495808.9200,3.651700,1,-2.646500,0,5.611202
2020-02-05,sz.002027,5.2100,5.5000,5.1900,5.3000,5.1500,343404512,1831708275.6000,2.339600,1,2.912600,0,5.774635
2020-02-06,sz.002027,5.2800,5.4400,5.1800,5.3800,5.3000,277200224,1469370711.6900,1.888600,1,1.509400,0,5.861799
2020-02-07,sz.002027,5.3300,5.3900,5.2200,5.3200,5.3800,166958445,884176829.7200,1.137500,1,-1.115200,0,5.796426
2020-02-10,sz.002027,5.2800,5.5400,5.2100,5.4700,5.3200,265459079,1426635931.6200,1.808600,1,2.819500,0,5.959859
2020-02-11,sz.002027,5.4900,5.8000,5.4100,5.6900,5.4700,317200368,1785475458.5200,2.161100,1,4.021900,0,6.199561
2020-02-12,sz.002027,5.6400,5.7500,5.5800,5.6900,5.6900,184676358,1042671802.7600,1.258200,1,0.000000,0,6.199561
2020-02-13,sz.002027,5.6500,5.6500,5.4800,5.5000,5.6900,182749680,1012898984.2700,1.245100,1,-3.339200,0,5.992546
2020-02-14,sz.002027,5.5000,5.6100,5.4200,5.5600,5.5000,166355548,916033638.4400,1.133400,1,1.090900,0,6.057919
2020-02-17,sz.002027,5.5400,5.6500,5.5100,5.6300,5.5600,162129019,905440910.5000,1.104600,1,1.259000,0,6.134188
2020-02-18,sz.002027,5.6200,5.6600,5.5400,5.6600,5.6300,157529825,885633044.7300,1.073200,1,0.532900,0,6.166874
2020-02-19,sz.002027,5.6100,5.6400,5.5600,5.5600,5.6600,131522478,736000678.5200,0.896100,1,-1.766800,0,6.166874
2020-02-20,sz.002027,5.5800,5.9400,5.5500,5.8500,5.5600,273513248,1582172790.8000,1.863400,1,5.215800,0,6.373889
2020-02-21,sz.002027,5.8000,5.8500,5.7200,5.7600,5.8500,169752089,980372087.5000,1.156500,1,-1.538500,0,6.275830
2020-02-24,sz.002027,5.7200,5.7400,5.5500,5.6300,5.7600,192328696,1081648633.3300,1.310300,1,-2.256900,0,6.134188
2020-02-25,sz.002027,5.5300,5.6300,5.4100,5.5500,5.6300,185649898,1026201498.7900,1.264800,1,-1.421000,0,6.047023
2020-02-26,sz.002027,5.4700,5.7700,5.4200,5.6600,5.5500,267294227,1500313197.4700,1.821100,1,1.982000,0,6.166874
